city,district,neighborhood,room,living_room,area,age,floor,price
ankara,cankaya,kavaklidere,2,1,95,0,2,72500
ankara,cankaya,kavaklidere,1,1,65,0,2,62500
ankara,cankaya,kavaklidere,1,1,65,0,1,46500
ankara,cankaya,yukari_bahcelievler,3,1,115,35,2,30000
ankara,altindag,dogantepe,3,1,105,0,2,25000
ankara,cankaya,oran,1,1,45,0,0,25000
ankara,cankaya,emek,2,1,80,38,3,25000
ankara,cankaya,keklik_pinari,4,1,170,17,3,35000
ankara,cankaya,yukari_bahcelievler,1,1,60,0,1,25000
ankara,yenimahalle,emniyet,2,1,126,1,3,55000
ankara,yenimahalle,emniyet,5,1,228,2,21,75000
ankara,cankaya,guzeltepe,1,1,60,0,0,45000
ankara,cankaya,mursel_uluc,3,1,120,20,3,23000
ankara,golbasi,incek,7,2,600,7,2,80000
ankara,cankaya,kirkkonaklar,4,1,130,15,1,32000
ankara,cankaya,cankaya,4,1,180,25,-1,38000
ankara,golbasi,kizilcasar,1,1,50,0,1,25000
ankara,mamak,durali_alic,3,1,140,10,5,23000
ankara,altindag,gunesevler,3,1,120,13,-1,19000
ankara,cankaya,yasamkent,1,1,55,0,1,27500
ankara,altindag,gunesevler,3,1,114,15,3,18500
ankara,golbasi,hacilar,2,1,130,10,3,43000
ankara,cankaya,alacaatli,5,1,235,0,11,68000
ankara,cankaya,sehit_cevdet_ozdemir,1,1,64,5,2,26000
ankara,cankaya,malazgirt,4,1,180,8,2,33000
ankara,cankaya,emek,1,1,65,35,1,18000
ankara,yenimahalle,ragip_tuzun,2,1,80,20,1,19000
ankara,mamak,durali_alic,3,1,154,15,2,25000
ankara,golbasi,bahcelievler,3,1,148,26,3,25000
ankara,cankaya,emek,3,1,110,30,4,36000
ankara,cankaya,ilkadim,2,1,95,21,1,30000
ankara,cankaya,mustafa_kemal,4,0,150,25,2,52000
ankara,cankaya,oran,1,1,85,15,3,43000
ankara,sincan,osmanli,3,1,110,30,4,17000
ankara,cankaya,guvenevler,2,1,110,30,0,32000
ankara,cankaya,cukurambar,2,1,102,1,3,60000
ankara,golbasi,kizilcasar,2,1,104,0,2,35000
ankara,golbasi,kizilcasar,2,1,109,0,1,35000
ankara,golbasi,incek,1,1,55,0,1,30000
ankara,yenimahalle,kayalar,4,1,165,7,9,41500
ankara,mamak,balkiraz,2,1,100,40,3,20000
ankara,mamak,bahcelerustu,4,1,175,10,4,30000
ankara,cankaya,guvenevler,2,1,100,25,4,25000
ankara,cankaya,nasuh_akar,3,1,115,35,3,20000
ankara,kecioren,kavacik_subayevleri,1,3,125,35,3,19000
ankara,golbasi,incek,1,1,55,2,2,25000
ankara,golbasi,incek,1,1,50,1,0,20000
ankara,cankaya,ovecler,3,1,125,33,3,25000
ankara,cankaya,remzi_oguz_arik,3,1,115,45,1,28000
ankara,cankaya,yukari_bahcelievler,2,1,90,7,-1,35000
ankara,cankaya,yildizevler,2,1,75,55,1,15000
ankara,cankaya,ilkbahar,2,1,145,1,9,75000
ankara,yenimahalle,yesilevler,3,1,125,18,9,25000
ankara,cankaya,yukari_bahcelievler,2,1,100,50,5,40000
ankara,kecioren,ayvali,3,1,125,28,1,20000
ankara,etimesgut,devlet,1,1,55,3,21,22800
ankara,cankaya,emek,4,1,190,16,5,49000
ankara,sincan,aksemsettin,3,1,125,17,3,26500
ankara,kecioren,asagi_eglence,2,1,100,45,1,20000
ankara,altindag,besikkaya,3,1,125,13,3,16500
ankara,cankaya,ilkadim,3,1,130,26,3,35000
ankara,cankaya,beytepe,2,1,100,10,8,40000
ankara,etimesgut,yeni_baglica,4,1,200,8,9,43000
ankara,cankaya,gokturk,3,1,115,27,2,29000
ankara,sincan,torekent,3,1,140,15,8,18000
ankara,yenimahalle,yeni_bati,1,1,50,1,13,24000
ankara,polatli,cumhuriyet,3,1,125,30,5,15000
ankara,etimesgut,seker,2,1,100,6,3,32000
ankara,cankaya,umit,3,1,150,29,8,40000
ankara,etimesgut,sehit_osman_avci,1,1,50,32,3,24000
ankara,cankaya,oran,3,1,110,28,1,36000
ankara,cankaya,sehit_cevdet_ozdemir,1,0,60,10,-1,21500
ankara,cankaya,yukari_bahcelievler,1,1,70,5,0,32000
ankara,kecioren,baglarbasi,3,1,110,15,1,12500
ankara,etimesgut,altay,1,1,72,10,3,22000
ankara,cankaya,ayranci,3,1,120,45,3,35000
ankara,kecioren,etlik,3,1,170,5,3,25000
ankara,cankaya,huzur,3,1,100,25,-1,21000
ankara,etimesgut,baglica,2,1,110,6,1,33000
ankara,yenimahalle,demetlale,3,1,115,35,5,18000
ankara,cankaya,cevizlidere,3,1,155,16,1,35000
ankara,etimesgut,eryaman,1,1,55,3,21,22800
ankara,cankaya,guzeltepe,3,1,145,43,6,35000
ankara,mamak,peyami_safa,1,1,100,14,-2,17500
ankara,mamak,aksemsettin,1,1,66,11,3,27500
ankara,cankaya,gokkusagi,2,1,85,18,1,25000
ankara,cankaya,cevizlidere,3,1,160,20,3,32000
ankara,mamak,saimekadin,3,1,100,30,1,15000
ankara,cankaya,keklik_pinari,3,1,100,11,1,22000
ankara,cankaya,yukari_dikmen,1,1,76,5,3,38000
ankara,etimesgut,altay,1,1,70,8,4,23500
ankara,yenimahalle,emniyet,3,1,105,40,2,27500
ankara,altindag,zubeyde_hanim,2,1,90,35,1,22000
ankara,kecioren,kamil_ocak,2,1,105,28,-2,16000
ankara,cankaya,guzeltepe,2,1,115,45,5,29000
ankara,mamak,fahri_koruturk,3,1,125,5,13,25000
ankara,polatli,sehitlik,4,1,175,10,2,20000
ankara,cankaya,gokkusagi,3,1,155,15,3,35000
ankara,yenimahalle,ragip_tuzun,1,1,50,1,2,29500
ankara,golbasi,segmenler,2,1,90,4,0,35000
ankara,altindag,aydinlikevler,3,1,110,45,1,23000
ankara,altindag,aydinlikevler,2,1,100,25,0,13000
ankara,cankaya,tinaztepe,2,1,85,45,0,13500
ankara,cankaya,guzeltepe,3,1,115,45,7,29000
ankara,kecioren,yukseltepe,4,1,220,3,19,55000
ankara,cankaya,emek,1,1,45,6,-1,27000
ankara,altindag,ornek,3,1,120,40,3,20000
ankara,golbasi,segmenler,2,1,90,4,1,26000
ankara,cankaya,bagcilar,2,1,85,25,0,17000
ankara,cankaya,murat,3,1,110,25,2,25000
ankara,mamak,zirvekent,1,1,65,10,0,9500
ankara,yenimahalle,gazi,2,1,85,15,3,25000
ankara,cankaya,yukari_dikmen,2,1,110,1,20,50000
ankara,cankaya,konutkent,1,0,35,8,21,23500
ankara,cankaya,dodurga,3,1,130,20,7,33000
ankara,polatli,sehitlik,3,1,135,18,2,15000
ankara,altindag,aydinlikevler,3,1,110,40,1,15000
ankara,yenimahalle,yeni_bati,2,1,63,0,5,40000
ankara,cankaya,maltepe,2,1,75,40,1,22000
ankara,yenimahalle,yeni_bati,1,1,46,0,11,25000
ankara,yenimahalle,yeni_bati,2,1,63,0,10,33000
ankara,kecioren,asagi_eglence,3,1,125,5,-1,18000
ankara,cankaya,yukari_bahcelievler,3,1,120,35,3,32500
ankara,cankaya,harbiye,3,1,125,20,-2,30000
ankara,cankaya,emek,2,1,85,30,0,25500
ankara,golbasi,taspinar,1,1,48,0,2,27000
ankara,cankaya,yesilkent,1,1,100,6,2,50000
ankara,cankaya,kazim_ozalp,1,1,66,40,0,25000
ankara,cankaya,kirkkonaklar,4,1,160,17,0,34000
ankara,yenimahalle,emniyet,1,1,83,0,1,34000
ankara,kecioren,esertepe,5,1,225,5,3,20000
ankara,kecioren,basinevleri,3,1,120,27,2,20000
ankara,cankaya,guzeltepe,3,1,125,45,2,32000
ankara,altindag,battalgazi,2,1,110,15,5,12500
ankara,yenimahalle,ilkyerlesim,3,1,110,35,0,28000
ankara,cankaya,guzeltepe,1,1,70,8,2,34000
ankara,altindag,ornek,3,1,105,40,3,20000
ankara,etimesgut,oguzlar,3,1,110,23,3,20000
ankara,yenimahalle,emniyet,1,1,82,0,14,36000
ankara,cankaya,guzeltepe,1,1,60,9,0,31000
ankara,cankaya,emek,3,1,131,40,1,32000
ankara,cankaya,emek,2,1,100,45,1,24000
ankara,sincan,hurriyet,1,1,55,14,3,10000
ankara,cankaya,ata,2,1,100,25,3,35000
ankara,kecioren,yukseltepe,4,1,240,4,21,45000
ankara,kecioren,emrah,3,1,110,29,3,25000
ankara,kecioren,senlik,3,1,110,0,8,43000
ankara,kecioren,esertepe,3,1,115,15,-1,18500
ankara,altindag,aydinlikevler,3,1,135,25,1,30500
ankara,mamak,balkiraz,2,1,85,35,0,16500
ankara,mamak,mutlu,1,1,85,6,-3,15000
ankara,altindag,ornek,3,1,115,30,3,17500
ankara,cankaya,osman_temiz,3,1,110,28,2,27500
ankara,kecioren,yukseltepe,3,1,135,7,3,21000
ankara,yenimahalle,mehmet_akif_ersoy,3,1,150,1,4,52000
ankara,kecioren,etlik,3,1,120,24,0,23750
ankara,cankaya,ilkadim,3,1,120,28,3,32000
ankara,yenimahalle,demetlale,3,1,140,35,3,22000
ankara,kecioren,ovacik,4,1,200,0,7,46000
ankara,cankaya,guzeltepe,4,1,220,15,-2,75000
ankara,cankaya,ilkadim,1,1,70,25,-1,31000
ankara,mamak,general_zeki_dogan,3,1,125,25,3,19500
ankara,polatli,zafer,3,1,130,20,0,15000
ankara,mamak,durali_alic,3,1,140,4,11,25000
ankara,yenimahalle,kentkoop,3,1,120,28,1,29000
ankara,cankaya,yucetepe,2,1,100,40,3,30000
ankara,sincan,fevzi_cakmak,2,1,89,0,2,17000
ankara,cankaya,remzi_oguz_arik,2,1,80,1,1,52000
ankara,golbasi,incek,1,1,50,1,2,17500
ankara,mamak,akdere,3,1,100,30,1,17000
ankara,kecioren,ayvali,3,1,150,0,4,35000
ankara,etimesgut,sehit_osman_avci,1,1,65,5,6,23000
ankara,cankaya,yucetepe,2,1,95,60,1,29000
ankara,cankaya,hilal,4,1,150,25,0,30000
ankara,mamak,tuzlucayir,3,1,135,15,1,20000
ankara,yenimahalle,ergazi,1,1,54,4,3,27000
ankara,kecioren,guclukaya,3,1,120,29,0,22500
ankara,cankaya,cigdem,4,1,210,13,1,55000
ankara,cankaya,bahcelievler,2,1,90,37,1,26000
ankara,kecioren,adnan_menderes,5,1,190,20,3,25500
ankara,yenimahalle,demetgul,1,1,100,15,0,15000
ankara,cankaya,malazgirt,3,1,80,15,-2,15000
ankara,cankaya,keklik_pinari,3,1,150,15,3,26000
ankara,sincan,selcuklu,3,1,110,15,1,16000
ankara,cankaya,kavaklidere,3,1,135,50,3,27500
ankara,mamak,cengizhan,3,1,110,12,2,18500
ankara,cankaya,tinaztepe,2,1,110,45,3,25000
ankara,cankaya,kazim_ozalp,2,1,60,0,1,35000
ankara,mamak,aksemsettin,3,1,120,18,3,22000
ankara,mamak,bahcelerici,3,1,108,15,-2,12500
ankara,cankaya,asagi_ovecler,3,1,130,34,1,28000
ankara,golbasi,taspinar,5,1,405,4,17,65000
ankara,cankaya,yukari_bahcelievler,3,1,130,27,3,35000
ankara,kecioren,senlik,2,1,115,20,0,17500
ankara,kecioren,asagi_eglence,3,1,125,21,3,30000
ankara,etimesgut,yeni_baglica,3,1,160,6,9,47000
ankara,cankaya,umit,3,1,165,21,5,45000
ankara,cankaya,keklik_pinari,3,1,120,27,1,25000
ankara,cankaya,barbaros,3,1,120,45,2,32500
ankara,mamak,turkozu,3,1,160,2,7,33000
ankara,etimesgut,altay,3,1,130,20,3,36500
ankara,cankaya,ileri,1,1,50,0,1,35000
ankara,yenimahalle,susuz,4,1,200,7,10,44000
ankara,mamak,zirvekent,2,1,80,8,10,12000
ankara,cankaya,oran,4,1,220,28,5,70000
ankara,etimesgut,alsancak,2,1,100,12,1,25500
ankara,kecioren,tepebasi,1,1,70,30,0,19500
ankara,kecioren,yayla,2,1,105,4,1,15000
ankara,golbasi,incek,3,1,110,0,5,22000
ankara,cankaya,maltepe,1,1,70,4,0,39500
ankara,kecioren,kalaba,2,1,105,35,2,17000
ankara,cankaya,emek,3,1,110,20,1,39000
ankara,sincan,istasyon,2,1,85,24,0,12000
ankara,yenimahalle,guventepe,2,1,105,0,-1,17500
ankara,cankaya,yukari_bahcelievler,1,1,70,25,1,27500
ankara,cankaya,camlitepe,3,1,110,35,1,20000
ankara,cankaya,birlik,4,1,187,24,3,35000
ankara,cankaya,oguzlar,3,1,130,40,1,29500
ankara,altindag,aydinlikevler,2,1,100,45,3,13750
ankara,yenimahalle,kardelen,5,1,185,22,2,47000
ankara,cankaya,ertugrulgazi,3,1,130,30,5,15000
ankara,kecioren,esertepe,3,1,145,18,2,25000
ankara,altindag,gunesevler,3,1,125,25,1,17000
ankara,yenimahalle,demetgul,3,1,120,26,3,24000
ankara,cankaya,muhsin_ertugrul,3,1,105,42,1,24000
ankara,cankaya,kultur,3,1,140,42,4,27000
ankara,cankaya,aziziye,3,1,160,11,9,50000
ankara,yenimahalle,demetgul,3,1,130,35,1,15000
ankara,cankaya,emek,3,1,125,32,1,31000
ankara,cankaya,sokullu_mehmet_pasa,2,1,90,20,1,29000
ankara,cankaya,koru,9,3,1450,14,2,395000
ankara,cankaya,emek,3,1,110,40,0,35000
antalya,alanya,saray,2,1,120,30,2,18000
antalya,konyaalti,liman,3,1,165,22,3,35000
antalya,muratpasa,guvenlik,1,0,50,2,5,25500
antalya,kepez,aktoprak,3,1,200,10,6,23000
antalya,kepez,fevzi_cakmak,1,1,60,4,2,11500
antalya,konyaalti,uncali,4,1,200,20,6,40000
antalya,kepez,erenkoy,2,1,90,5,3,13500
antalya,kepez,gazi,1,1,55,0,1,12000
antalya,muratpasa,soguksu,2,1,110,15,0,20000
antalya,kumluca,merkez,2,1,104,1,1,20000
antalya,kepez,kultur,1,1,50,8,4,16000
antalya,alanya,oba,1,1,60,0,1,15000
antalya,muratpasa,doguyaka,1,1,70,8,1,16000
antalya,finike,sahilkent,3,1,150,5,2,35000
antalya,konyaalti,sarisu,1,1,45,3,2,18000
antalya,manavgat,ilica,2,1,80,0,1,18000
antalya,konyaalti,liman,2,1,90,5,1,40000
antalya,kepez,gundogdu,2,1,95,8,1,18500
antalya,dosemealti,yenikoy,3,1,95,0,1,22000
antalya,aksu,kemeragzi,3,1,180,13,3,43000
antalya,konyaalti,sarisu,2,1,95,9,2,29995
antalya,muratpasa,caglayan,1,1,45,35,0,20000
antalya,alanya,oba,4,1,200,7,5,32500
antalya,alanya,bektas,3,1,130,15,2,69000
antalya,kepez,aydogmus,2,1,95,5,1,14000
antalya,kepez,kepez,2,1,110,3,1,18000
antalya,kepez,kepez,3,1,142,0,0,24000
antalya,konyaalti,hurma,2,1,95,10,1,35000
antalya,dosemealti,altinkale,1,1,64,0,3,13000
antalya,muratpasa,sirinyali,3,1,170,25,3,35000
antalya,kepez,gundogdu,2,1,110,20,4,16250
antalya,aksu,altintas,1,1,69,1,2,17000
antalya,finike,kum,1,1,64,0,5,18000
antalya,konyaalti,liman,2,1,90,10,1,35000
antalya,kepez,aydogmus,1,1,60,0,3,14000
antalya,alanya,kargicak,1,1,55,1,4,13000
antalya,kepez,goksu,2,1,90,5,0,20000
antalya,konyaalti,sarisu,1,1,65,5,1,19000
antalya,kemer,arslanbucak,4,4,185,5,2,35000
antalya,muratpasa,sirinyali,3,1,155,20,3,45000
antalya,kepez,kepez,3,1,118,0,7,25000
antalya,muratpasa,soguksu,2,1,90,30,2,15000
antalya,alanya,turkler,2,1,120,17,1,45000
antalya,alanya,kestel,1,1,68,8,0,20000
antalya,konyaalti,liman,1,1,55,7,3,25000
antalya,kepez,mehmet_akif_ersoy,3,1,145,0,3,32000
antalya,konyaalti,arapsuyu,2,1,115,15,2,30000
antalya,konyaalti,gursu,2,1,80,18,1,30000
antalya,alanya,kestel,1,1,55,0,2,10000
antalya,muratpasa,guzeloba,3,1,150,30,2,27000
antalya,kemer,kuzdere,3,1,170,0,1,30000
antalya,kepez,ulus,2,1,140,21,3,24000
antalya,konyaalti,liman,3,1,140,25,7,65000
antalya,muratpasa,caybasi,4,1,200,16,0,27000
antalya,dosemealti,ciplakli,3,1,150,5,2,23000
antalya,alanya,kestel,1,1,68,8,3,20000
antalya,muratpasa,kiziltoprak,3,1,150,30,1,30000
antalya,kepez,yeni_dogan,2,1,100,12,2,20000
antalya,kemer,kuzdere,3,1,120,0,5,25000
antalya,aksu,altintas,2,1,80,1,5,22500
antalya,muratpasa,kizilarik,2,1,100,10,1,15000
antalya,elmali,karyagdi,2,1,110,20,0,11500
antalya,muratpasa,hasimiscan,1,1,30,35,0,8000
antalya,muratpasa,tahilpazari,4,1,220,3,6,40000
antalya,kemer,arslanbucak,2,1,85,17,3,30000
antalya,konyaalti,hurma,1,1,50,0,0,20000
antalya,konyaalti,uluc,5,1,350,10,3,96000
antalya,gazipasa,pazarci,1,1,70,5,0,15000
antalya,elmali,yeni,3,1,145,9,5,26000
antalya,kepez,aydogmus,3,1,135,8,2,18500
antalya,kepez,ahatli,2,1,105,5,2,23000
antalya,kemer,arslanbucak,3,1,160,4,2,47500
antalya,konyaalti,gursu,3,1,160,14,5,50000
antalya,dosemealti,ciplakli,1,1,50,12,1,13000
antalya,konyaalti,uncali,2,1,80,12,0,32000
antalya,finike,kum,2,1,100,0,3,20000
antalya,manavgat,sorgun,1,1,75,0,2,30000
antalya,alanya,tosmur,2,1,120,15,3,25000
antalya,serik,bogazkent,3,1,105,26,0,35000
antalya,kepez,kultur,1,1,50,4,4,18000
antalya,kepez,kepez,3,0,118,1,10,22000
antalya,alanya,guller_pinari,2,1,95,25,4,16000
antalya,alanya,elikesik,2,1,100,1,3,14000
antalya,dosemealti,bahceyaka,2,1,105,0,5,20000
antalya,alanya,oba,1,1,60,3,3,18500
antalya,dosemealti,yenikoy,3,1,120,9,3,22000
antalya,alanya,oba,2,1,110,12,3,30000
antalya,serik,yeni,2,1,135,15,5,14500
antalya,kepez,fevzi_cakmak,2,1,100,0,3,20000
antalya,kepez,goksu,2,1,75,0,5,20000
antalya,finike,kum,2,1,110,0,3,19000
antalya,alanya,mahmutlar,2,1,100,3,11,15000
antalya,alanya,mahmutlar,2,1,110,13,5,16000
antalya,alanya,mahmutlar,1,1,60,2,3,10000
antalya,muratpasa,kizilsaray,3,1,110,40,4,20000
antalya,muratpasa,caglayan,3,1,165,18,7,60000
antalya,kepez,varsak_esentepe,2,1,75,0,1,20000
antalya,alanya,mahmutlar,2,1,125,12,4,25000
antalya,alanya,cikcilli,1,1,75,15,4,21000
antalya,alanya,mahmutlar,2,1,120,5,7,21000
antalya,konyaalti,liman,3,1,180,24,5,38000
antalya,manavgat,side,2,1,105,12,3,25000
antalya,alanya,oba,1,1,55,4,2,12000
antalya,serik,belek,3,1,300,0,2,11500
antalya,aksu,altintas,1,1,45,0,-3,15000
antalya,dosemealti,yenikoy,2,1,115,8,3,17500
antalya,muratpasa,doguyaka,2,1,100,15,4,20000
antalya,manavgat,asagi_hisar,2,1,110,20,1,26000
antalya,muratpasa,guzeloba,6,1,340,25,2,75000
antalya,muratpasa,guzeloba,4,1,290,13,2,65000
antalya,kepez,ahatli,2,1,95,10,3,19500
antalya,muratpasa,guzeloba,2,1,80,4,2,45000
antalya,konyaalti,siteler,3,1,140,25,5,27500
antalya,kepez,cankaya,2,1,96,3,3,24000
antalya,konyaalti,altinkum,3,1,140,20,2,30000
antalya,muratpasa,fener,1,1,65,15,2,25000
antalya,muratpasa,fener,1,1,85,20,5,25000
antalya,muratpasa,soguksu,3,1,150,25,2,21000
antalya,muratpasa,varlik,3,1,150,28,1,20000
antalya,kepez,santral,2,1,96,3,2,22000
antalya,kepez,kuzeyyaka,2,1,85,15,1,12500
antalya,alanya,mahmutlar,1,1,75,30,2,10000
antalya,konyaalti,sarisu,2,1,100,5,2,28500
antalya,kemer,yeni,2,1,1000,20,5,20000
antalya,aksu,altintas,2,1,80,1,3,20000
antalya,alanya,mahmutlar,3,1,150,1,5,20000
antalya,finike,kum,2,1,100,0,4,20000
antalya,kemer,camyuva,1,1,80,10,1,18000
antalya,muratpasa,zerdalilik,2,1,120,16,-3,25000
antalya,muratpasa,meydankavagi,2,1,85,5,0,35000
antalya,kepez,ulus,3,1,135,35,1,17000
antalya,alanya,oba,2,1,90,1,1,16500
antalya,kas,andifli,2,1,110,5,0,55000
antalya,konyaalti,hurma,1,1,70,8,0,18000
antalya,muratpasa,varlik,2,1,85,2,2,30000
antalya,kepez,kepez,2,1,85,4,2,18000
antalya,kepez,teomanpasa,1,1,55,3,0,20000
antalya,gazipasa,pazarci,2,1,110,2,5,20000
antalya,aksu,altintas,1,1,55,0,1,15000
antalya,finike,kum,2,1,120,18,3,18000
antalya,alanya,mahmutlar,2,1,85,20,3,15000
antalya,alanya,mahmutlar,1,1,55,1,8,20000
antalya,finike,kum,2,1,110,0,2,20000
antalya,alanya,mahmutlar,1,0,70,10,3,15000
antalya,kepez,fevzi_cakmak,3,1,130,4,5,23000
antalya,alanya,kesefli,2,1,120,3,1,35000
antalya,muratpasa,sinan,2,1,100,1,0,27500
antalya,serik,kokez,3,1,165,14,3,20000
antalya,muratpasa,caglayan,4,1,220,22,8,42000
antalya,alanya,oba,1,1,55,2,2,16500
antalya,aksu,altintas,2,1,61,0,3,20000
antalya,aksu,guzelyurt,4,1,180,15,1,22000
antalya,kepez,ahatli,1,1,55,6,1,14000
antalya,muratpasa,caglayan,1,1,80,14,0,22000
antalya,kepez,husnu_karakas,2,1,90,6,1,22000
antalya,muratpasa,meydankavagi,5,1,270,16,3,37000
antalya,muratpasa,guzeloba,2,1,80,28,2,32000
antalya,alanya,mahmutlar,1,1,60,0,0,14000
antalya,manavgat,ilica,1,1,65,0,1,21000
antalya,muratpasa,yildiz,3,1,120,29,2,22500
antalya,kepez,kultur,1,1,75,8,3,17000
antalya,muratpasa,tahilpazari,3,1,170,21,1,30000
antalya,konyaalti,liman,3,1,150,5,4,47500
antalya,alanya,oba,1,1,59,7,3,17500
antalya,muratpasa,cumhuriyet,2,1,80,40,3,13000
antalya,alanya,mahmutlar,1,1,60,0,3,11000
antalya,kepez,erenkoy,2,1,75,7,1,14000
antalya,konyaalti,hurma,2,1,150,10,3,30000
antalya,muratpasa,memurevleri,3,1,140,18,3,19000
antalya,muratpasa,ucgen,3,1,120,11,3,20000
antalya,muratpasa,yenigun,2,1,95,5,0,18000
antalya,kepez,yesilyurt,3,1,160,14,3,20000
antalya,kas,cukurbag,4,1,300,3,0,45000
antalya,dosemealti,bahceyaka,3,0,105,3,5,21000
antalya,konyaalti,hurma,3,1,140,8,1,30000
antalya,kepez,fevzi_cakmak,2,1,105,4,2,20000
antalya,gazipasa,istiklal,4,1,250,10,5,25000
antalya,alanya,kestel,2,1,150,20,5,12500
antalya,finike,kum,2,1,90,0,4,15500
antalya,alanya,figla,3,1,150,12,3,30000
antalya,alanya,kargicak,1,1,50,1,3,18000
antalya,muratpasa,caglayan,2,1,80,16,3,35000
antalya,gazipasa,istiklal,2,1,100,1,-2,15000
antalya,kepez,kultur,2,1,90,5,4,25000
antalya,finike,kum,1,1,55,0,5,16500
antalya,finike,hasyurt,1,1,55,0,0,10500
antalya,konyaalti,gursu,3,1,150,15,-1,33000
antalya,muratpasa,meydankavagi,2,1,70,7,0,23500
antalya,muratpasa,bayindir,2,1,200,40,5,15000
antalya,muratpasa,varlik,3,1,135,25,5,25000
antalya,kepez,gulveren,2,1,100,13,1,23000
antalya,konyaalti,hurma,2,1,90,4,1,35000
antalya,alanya,mahmutlar,1,1,60,0,2,10000
antalya,kepez,gulveren,1,1,60,7,3,18000
antalya,manavgat,side,2,1,90,2,0,25000
antalya,finike,kum,3,1,160,18,5,27000
antalya,muratpasa,meydankavagi,3,1,150,11,2,32000
antalya,muratpasa,guzeloba,1,1,50,2,0,25000
antalya,muratpasa,yenigun,2,1,80,10,0,28500
antalya,gazipasa,pazarci,4,1,250,2,4,22500
antalya,alanya,mahmutlar,2,1,110,2,11,25000
antalya,finike,hasyurt,3,1,125,0,3,23000
antalya,alanya,oba,1,1,60,0,3,14000
antalya,kepez,yukselis,2,1,100,10,1,20000
antalya,alanya,kizlar_pinari,2,1,120,20,3,20000
antalya,kepez,kultur,2,1,95,5,3,18500
antalya,kepez,cankaya,3,1,150,21,2,27000
antalya,kepez,ahatli,2,1,80,5,1,20000
antalya,muratpasa,yenigun,2,1,85,6,1,18000
antalya,kepez,gundogdu,2,1,90,0,1,20000
antalya,alanya,demirtas,3,0,135,20,2,25000
antalya,konyaalti,liman,2,1,105,9,2,29000
antalya,muratpasa,cumhuriyet,3,1,145,16,5,18500
antalya,finike,kum,3,1,170,20,5,18000
antalya,dosemealti,tomalar,2,1,129,25,5,16500
antalya,kepez,santral,1,1,72,4,2,19000
antalya,manavgat,side,2,1,130,0,2,30000
antalya,finike,kum,2,1,90,0,3,15000
antalya,alanya,turkler,3,2,160,18,2,15000
antalya,alanya,mahmutlar,2,1,109,24,2,16500
antalya,muratpasa,kizilarik,3,1,160,23,1,18500
antalya,muratpasa,yildiz,2,1,100,25,2,25000
antalya,kepez,yeni,3,1,180,21,3,17000
antalya,kepez,gulveren,2,1,90,7,3,18000
antalya,muratpasa,yenigun,3,1,155,27,4,27500
antalya,finike,hasyurt,2,1,95,21,0,12000
antalya,konyaalti,liman,1,1,55,7,3,25000
antalya,konyaalti,hurma,2,1,95,10,3,23000
antalya,kepez,kultur,2,1,90,8,5,19500
antalya,muratpasa,guzeloba,3,1,150,25,2,28000
antalya,gazipasa,pazarci,4,1,250,5,9,37500
antalya,kepez,safak,1,1,65,9,1,15000
antalya,kepez,ahatli,2,1,85,5,1,17500
antalya,alanya,guller_pinari,1,1,70,25,2,14000
antalya,muratpasa,sinan,1,0,35,40,2,9500
antalya,konyaalti,hurma,1,1,60,9,3,25000
antalya,alanya,kizlar_pinari,1,1,55,0,3,21500
antalya,elmali,yeni,2,1,100,4,5,17500
antalya,kepez,yeni_dogan,2,0,45,5,3,16000
antalya,muratpasa,mehmetcik,3,1,140,10,5,45000
antalya,muratpasa,yildiz,3,1,150,35,4,24000
antalya,kepez,aktoprak,3,1,125,8,3,16000
antalya,alanya,oba,2,1,90,22,1,15000
antalya,alanya,guller_pinari,2,1,115,12,3,23000
antalya,finike,yeni,2,1,100,3,2,14250
antalya,kepez,unsal,2,1,110,0,3,22000
antalya,alanya,mahmutlar,2,1,120,0,3,16000
antalya,alanya,kestel,1,1,60,2,4,14000
antalya,alanya,demirtas,2,1,100,15,2,17000
antalya,konyaalti,hurma,2,1,140,8,4,32000
antalya,konyaalti,hisarcandir,2,1,100,10,2,17000
antalya,konyaalti,liman,1,1,65,12,2,22000
antalya,muratpasa,fener,2,1,95,15,1,35000
antalya,muratpasa,meydankavagi,1,1,164,25,3,30000
antalya,muratpasa,guzeloba,3,1,150,30,4,27000
antalya,kepez,ahatli,2,1,85,5,1,14500
antalya,kemer,camyuva,2,1,85,15,1,30000
antalya,alanya,mahmutlar,2,1,110,20,4,15000
antalya,kemer,goynuk,2,1,150,5,3,35000
antalya,kepez,kultur,3,1,140,13,5,4000
antalya,alanya,guller_pinari,1,1,70,25,5,14000
antalya,kepez,kepez,1,1,47,0,0,12000
antalya,kepez,kultur,1,1,45,6,4,16000
antalya,kepez,kultur,2,1,80,2,-2,20000
bursa,mudanya,yeni,2,1,105,25,0,17000
bursa,gemlik,cumhuriyet,3,1,140,25,6,19000
bursa,yildirim,davutdede,2,1,140,30,5,12000
bursa,nilufer,ucevler,2,1,120,10,5,20000
bursa,gemlik,hisar,3,1,160,7,3,20000
bursa,yildirim,akcaglayan,1,1,60,30,0,6000
bursa,osmangazi,intizam,2,1,85,30,5,10000
bursa,yildirim,maltepe,3,1,120,30,2,13000
bursa,inegol,akhisar,1,1,45,0,2,12000
bursa,yildirim,sukraniye,1,1,30,10,1,10000
bursa,gemlik,dr_ziya_kaya,2,1,95,29,5,13000
bursa,nilufer,gorukle,2,1,95,8,1,17500
bursa,yildirim,baruthane,2,1,90,31,3,15000
bursa,mudanya,yeni,3,1,170,35,4,25000
bursa,nilufer,dumlupinar,1,1,45,10,2,10000
bursa,nilufer,balat,2,1,130,7,4,40000
bursa,nilufer,konak,3,1,160,28,3,25000
bursa,gemlik,osmaniye,2,0,150,13,3,22500
bursa,kestel,yeni,2,1,120,15,3,13000
bursa,mudanya,egerce,3,1,101,15,2,20000
bursa,osmangazi,dikkaldirim,2,1,110,29,1,15000
bursa,yildirim,davutdede,3,1,130,31,3,13000
bursa,nilufer,dumlupinar,2,1,62,1,4,16500
bursa,yildirim,yesil,2,1,140,30,2,13000
bursa,osmangazi,hamitler,5,1,360,15,5,40000
bursa,nilufer,altinsehir,3,1,270,25,2,67000
bursa,nilufer,dumlupinar,2,1,70,10,5,15000
bursa,nilufer,cumhuriyet,4,1,180,28,1,26000
bursa,gemlik,cumhuriyet,3,1,150,24,4,35000
bursa,nilufer,dumlupinar,1,1,60,0,2,15000
bursa,nilufer,cumhuriyet,3,1,140,25,5,23500
bursa,nilufer,dumlupinar,2,1,60,3,2,14000
bursa,nilufer,yuzuncuyil,3,1,155,27,6,34000
bursa,osmangazi,cekirge,2,1,95,7,3,20000
bursa,osmangazi,altiparmak,2,1,110,30,5,18000
bursa,osmangazi,cekirge,4,1,176,10,5,25000
bursa,mudanya,halitpasa,2,1,115,5,3,25000
bursa,nilufer,dumlupinar,1,1,55,3,2,15000
bursa,nilufer,dumlupinar,2,1,60,2,5,17000
bursa,inegol,osmaniye,2,1,105,30,3,25000
bursa,nilufer,29_ekim,2,1,140,15,10,35000
bursa,nilufer,konak,3,1,160,25,3,27000
bursa,gemlik,dr_ziya_kaya,2,1,99,8,1,17000
bursa,nilufer,cumhuriyet,3,1,140,28,4,26000
bursa,nilufer,gorukle,1,1,65,2,1,15000
bursa,nilufer,dumlupinar,2,1,60,2,2,14000
bursa,nilufer,30_agustos_zafer,2,1,115,5,0,19000
bursa,mudanya,halitpasa,1,1,85,26,3,21000
bursa,nilufer,konak,3,1,150,19,3,30000
bursa,orhangazi,arapzade,4,1,300,30,4,25000
bursa,nilufer,ucevler,5,1,299,15,5,55000
bursa,mudanya,halitpasa,4,1,160,0,3,35000
bursa,gemlik,osmaniye,2,1,100,35,5,15000
bursa,mudanya,mursel,4,1,350,4,2,75000
bursa,nilufer,demirci,3,2,175,8,0,22000
bursa,nilufer,camlica,1,1,80,20,2,18500
bursa,yildirim,yenimahalle,2,1,76,10,1,16000
bursa,nilufer,dumlupinar,1,1,45,10,2,10000
bursa,nilufer,gorukle,2,1,60,1,2,13500
bursa,gemlik,esref_dincer,2,1,110,25,3,10000
bursa,yildirim,karamazak,2,1,85,21,1,10000
bursa,nilufer,gorukle,2,1,90,10,3,16000
bursa,nilufer,ucevler,2,1,75,7,1,17000
bursa,mudanya,yeni,3,1,185,30,3,18000
bursa,osmangazi,cirpan,2,1,90,30,5,10000
bursa,nilufer,dumlupinar,2,1,75,0,3,24500
bursa,nilufer,cumhuriyet,3,1,140,25,5,26000
bursa,nilufer,konak,3,1,160,25,1,23000
bursa,osmangazi,cirpan,3,1,120,40,5,15000
bursa,nilufer,gorukle,1,1,65,2,5,15000
bursa,nilufer,gorukle,2,1,80,12,5,13500
bursa,yildirim,karaagac,2,1,80,35,3,15000
bursa,mudanya,halitpasa,2,1,100,2,2,25000
bursa,yildirim,namazgah,2,1,80,31,0,10000
bursa,nilufer,besevler,1,1,45,13,3,24000
bursa,nilufer,dumlupinar,2,1,60,4,5,17000
bursa,nilufer,balkan,3,1,142,0,2,23000
bursa,nilufer,ihsaniye,3,1,160,15,2,24000
bursa,nilufer,gorukle,2,1,90,12,3,16000
bursa,mudanya,omerbey,1,1,65,20,2,15000
bursa,orhangazi,arapzade,1,1,70,30,5,12000
bursa,yildirim,beyazit,3,1,140,30,-2,16000
bursa,osmangazi,istiklal,2,1,105,27,2,14000
bursa,yildirim,yenimahalle,2,1,90,25,3,15000
bursa,nilufer,dumlupinar,1,1,60,0,2,15000
bursa,yildirim,karaagac,2,1,95,30,5,11000
bursa,osmangazi,yenikaraman,2,1,125,18,4,16000
bursa,nilufer,besevler,1,0,50,16,5,12000
bursa,nilufer,kizilcikli,3,1,127,0,4,20000
bursa,osmangazi,baglarbasi,2,1,125,19,3,18000
bursa,nilufer,cumhuriyet,5,2,280,16,5,52000
bursa,osmangazi,yenikaraman,2,1,125,25,5,15000
bursa,gursu,kurtulus,2,1,165,4,2,20000
bursa,mudanya,halitpasa,3,1,126,20,3,22500
bursa,nilufer,ertugrul,5,2,370,12,2,75000
bursa,osmangazi,ahmetpasa,2,1,90,30,3,11000
bursa,mudanya,guzelyali_egitim,3,1,126,12,0,40000
bursa,nilufer,gorukle,1,1,55,6,1,13000
bursa,nilufer,demirci,3,1,155,10,3,28000
bursa,mudanya,bademli,4,1,215,25,2,115000
bursa,nilufer,besevler,2,1,100,6,1,25000
bursa,nilufer,kizilcikli,3,1,138,0,8,30000
bursa,nilufer,altinsehir,3,1,115,15,1,33000
bursa,nilufer,besevler,3,1,185,1,7,43000
bursa,yildirim,davutdede,3,1,100,3,3,15000
bursa,nilufer,gorukle,2,1,55,12,2,12000
bursa,mudanya,halitpasa,2,1,135,25,-2,27000
bursa,gemlik,kayhan,3,1,120,15,9,15000
bursa,nilufer,esentepe,2,1,105,20,3,23500
bursa,nilufer,karaman,2,1,110,25,0,16000
bursa,nilufer,dumlupinar,1,1,60,0,2,15000
bursa,karacabey,sirabademler,3,1,135,8,3,18000
bursa,nilufer,camlica,3,1,150,25,2,35000
bursa,nilufer,gorukle,3,1,135,16,3,20000
bursa,osmangazi,soganli,2,1,115,10,2,32000
bursa,osmangazi,cekirge,3,1,140,20,1,20000
bursa,gemlik,cumhuriyet,3,1,135,21,2,20000
bursa,osmangazi,hocaalizade,1,2,100,40,5,16000
bursa,gemlik,hamidiye,2,1,90,35,3,12000
bursa,osmangazi,yahsibey,2,1,100,30,4,22000
bursa,yildirim,cinaronu,2,1,95,25,1,12500
bursa,nilufer,dumlupinar,2,1,70,2,4,15000
bursa,osmangazi,hocaalizade,1,1,65,20,0,12000
bursa,yildirim,ortabaglar,3,1,130,18,1,15000
bursa,nilufer,kizilcikli,2,1,120,0,0,18000
bursa,nilufer,gorukle,2,1,75,1,3,15000
bursa,mudanya,mutareke,3,1,120,26,-2,25000
bursa,nilufer,kultur,3,1,145,18,1,21000
bursa,yildirim,yesil,2,1,85,20,1,12000
bursa,yildirim,karaagac,2,1,105,30,0,15000
bursa,mudanya,halitpasa,4,1,220,0,5,25000
bursa,nilufer,dumlupinar,2,1,75,0,3,18000
bursa,yildirim,namazgah,3,1,120,31,3,17000
bursa,nilufer,hasanaga,2,1,95,0,3,15000
bursa,nilufer,dumlupinar,1,1,60,0,2,15000
bursa,yildirim,piremir,2,1,120,30,2,14000
bursa,nilufer,kurtulus,2,1,115,0,2,18000
bursa,osmangazi,cekirge,3,1,230,24,3,35000
bursa,nilufer,gorukle,2,1,75,5,1,13000
bursa,gursu,zafer,2,1,85,25,2,14000
bursa,nilufer,gorukle,2,1,100,3,3,17000
bursa,yildirim,hocataskin,2,0,95,30,2,15000
bursa,nilufer,esentepe,3,1,145,0,1,35000
bursa,gemlik,esref_dincer,5,1,199,4,5,25000
bursa,yildirim,karaagac,2,1,85,35,3,14000
bursa,inegol,burhaniye,2,1,120,6,2,23000
bursa,gemlik,dr_ziya_kaya,3,1,125,28,1,25000
bursa,yenisehir,kurtulus,3,1,130,10,1,20000
bursa,orhangazi,muradiye,3,1,120,15,3,16000
bursa,mustafakemalpasa,adalet,3,1,170,0,3,25000
bursa,osmangazi,demirtas_cumhuriyet,5,1,290,9,5,25000
bursa,nilufer,gorukle,1,1,70,19,4,12000
bursa,nilufer,gorukle,2,1,90,0,3,20000
bursa,nilufer,gorukle,1,1,55,10,2,14000
bursa,yildirim,yesilyayla,2,1,100,30,1,9000
bursa,nilufer,camlica,1,1,80,3,3,32000
bursa,nilufer,baris,3,1,150,30,4,25000
bursa,nilufer,gorukle,2,1,60,6,2,12000
bursa,gemlik,yeni,2,1,100,5,5,17000
bursa,nilufer,dumlupinar,2,1,65,4,3,14500
bursa,osmangazi,demirtas_sakarya,2,1,140,10,3,25000
bursa,mudanya,altintas,2,1,130,11,1,195000
bursa,osmangazi,yesilova,2,1,105,16,1,10000
bursa,inegol,mahmudiye,3,1,100,11,0,17500
bursa,yildirim,umurbey,3,1,125,30,5,17000
bursa,yildirim,emirsultan,2,1,95,30,1,15000
bursa,inegol,mahmudiye,3,1,127,20,-1,15000
bursa,nilufer,dumlupinar,2,1,88,0,5,24000
bursa,nilufer,besevler,2,1,110,18,0,21000
bursa,mudanya,guzelyali_siteler,3,1,140,25,1,18000
bursa,nilufer,gorukle,1,1,55,13,3,13500
bursa,yildirim,haciseyfettin,3,1,150,15,3,17000
bursa,gemlik,hisar,4,1,260,2,2,51000
bursa,nilufer,dumlupinar,2,1,65,4,3,14500
bursa,mudanya,halitpasa,3,1,140,0,1,24500
bursa,nilufer,dumlupinar,2,1,65,12,5,13000
bursa,yildirim,karaagac,2,1,100,35,5,12000
bursa,orhangazi,camiikebir,2,1,100,20,5,16000
bursa,nilufer,gorukle,2,1,60,5,3,13000
bursa,gemlik,esref_dincer,1,1,68,0,2,15000
bursa,nilufer,dumlupinar,1,1,70,0,3,14000
bursa,nilufer,odunluk,2,1,90,6,3,46000
bursa,nilufer,besevler,3,1,160,15,1,30000
bursa,nilufer,balkan,3,1,155,0,5,24000
bursa,nilufer,dumlupinar,1,1,60,8,3,11000
bursa,yildirim,davutdede,2,1,120,20,4,20000
bursa,nilufer,balat,5,1,400,15,2,200000
bursa,nilufer,kayapa,3,1,170,5,3,21000
bursa,orhangazi,arapzade,3,1,174,10,1,35000
bursa,nilufer,dumlupinar,2,1,75,5,4,14000
bursa,orhangazi,arapzade,3,1,174,10,3,35000
bursa,yildirim,yesilyayla,3,1,100,14,2,10000
bursa,osmangazi,kukurtlu,2,1,120,29,4,15000
bursa,yildirim,musababa,2,1,90,34,3,13000
bursa,nilufer,dumlupinar,2,1,80,8,1,15000
bursa,nilufer,yuzuncuyil,4,1,160,21,11,28000
bursa,nilufer,dumlupinar,1,1,55,1,3,11000
bursa,nilufer,akcalar,3,1,130,6,0,18500
bursa,yildirim,musababa,2,1,90,10,1,16000
bursa,orhangazi,arapzade,3,1,174,10,1,35000
bursa,gemlik,cumhuriyet,3,1,140,30,3,18000
bursa,nilufer,23_nisan,2,1,144,20,2,16000
bursa,nilufer,demirci,1,1,72,0,1,14000
bursa,nilufer,kizilcikli,3,1,171,1,1,25000
bursa,nilufer,dumlupinar,2,1,60,4,5,17000
bursa,nilufer,gorukle,2,1,80,12,1,19000
bursa,nilufer,gorukle,1,1,55,12,5,12000
bursa,gemlik,demirsubasi,2,1,100,30,3,11000
bursa,nilufer,cali,4,1,160,10,3,25000
bursa,nilufer,besevler,3,1,150,4,3,26000
bursa,nilufer,balat,5,2,360,15,4,75000
bursa,yildirim,namazgah,1,1,50,35,1,12000
bursa,nilufer,gorukle,2,1,60,10,3,13000
bursa,nilufer,gorukle,1,1,65,2,5,15000
bursa,nilufer,gorukle,3,1,120,12,2,14000
bursa,osmangazi,baglarbasi,3,1,160,13,2,19000
bursa,nilufer,gorukle,1,1,65,5,5,15000
bursa,gemlik,kursunlu,1,1,60,30,2,10000
bursa,orhangazi,muradiye,2,1,120,30,1,18000
bursa,nilufer,gorukle,1,1,60,11,3,10000
bursa,nilufer,dumlupinar,1,1,60,0,2,15000
bursa,nilufer,gorukle,2,1,80,7,5,14500
bursa,osmangazi,hudavendigar,3,1,150,29,1,15000
bursa,osmangazi,fatih,3,1,130,24,2,12500
bursa,nilufer,akcalar,3,1,119,7,5,18000
bursa,inegol,hamidiye,2,1,95,25,3,18000
bursa,nilufer,camlica,6,2,325,14,5,45500
bursa,nilufer,dumlupinar,2,1,80,10,4,17000
bursa,nilufer,balat,3,1,125,13,-1,28000
bursa,nilufer,kurtulus,3,1,243,0,1,30000
bursa,nilufer,akcalar,2,1,134,0,5,15500
bursa,gemlik,kumla,2,1,80,33,3,25000
bursa,nilufer,dumlupinar,1,1,55,3,2,15000
bursa,nilufer,gorukle,2,1,60,6,1,12000
bursa,nilufer,gorukle,2,1,60,8,2,15000
bursa,yildirim,emirsultan,2,1,85,30,4,13000
bursa,osmangazi,basaran,2,1,110,20,1,15000
bursa,mustafakemalpasa,ataturk,2,1,110,27,3,14000
bursa,nilufer,dumlupinar,3,1,120,9,5,15000
bursa,osmangazi,intizam,6,3,280,10,2,40000
bursa,nilufer,30_agustos_zafer,3,1,193,2,5,36000
bursa,nilufer,dumlupinar,1,1,65,7,1,11000
bursa,nilufer,hasanaga,2,1,93,1,4,18000
bursa,nilufer,kizilcikli,2,1,120,0,0,18000
bursa,orhangazi,arapzade,2,1,89,30,5,14000
bursa,nilufer,dumlupinar,2,1,60,2,1,16500
bursa,osmangazi,demirtas_sakarya,2,1,90,10,1,13000
bursa,orhangazi,arapzade,2,1,120,20,1,18000
bursa,orhangazi,arapzade,3,1,140,5,2,25000
bursa,osmangazi,ibrahimpasa,2,1,120,20,5,20000
bursa,mustafakemalpasa,tatkavakli,3,1,145,0,1,19000
bursa,nilufer,gorukle,2,1,80,9,0,11000
bursa,nilufer,camlica,5,1,350,16,3,100000
bursa,nilufer,cumhuriyet,3,1,140,27,3,26000
bursa,mudanya,halitpasa,2,1,110,4,3,22000
bursa,orhangazi,arapzade,2,1,90,30,5,14500
bursa,nilufer,dumlupinar,1,1,45,10,2,10000
bursa,yildirim,yesilyayla,2,1,95,35,-2,14000
bursa,nilufer,dumlupinar,2,1,70,10,1,12000
bursa,gemlik,cumhuriyet,3,1,130,20,2,20000
bursa,mustafakemalpasa,selimiye,2,1,100,10,1,13500
bursa,gemlik,cihatli,2,1,110,10,6,17500
bursa,nilufer,dumlupinar,2,1,70,13,5,14000
bursa,nilufer,gorukle,2,1,75,10,3,13500
istanbul,bahcelievler,yenibosna_merkez,1,1,73,12,3,35000
istanbul,sariyer,poligon,2,1,159,6,0,180000
istanbul,sisli,harbiye,3,1,150,40,4,250000
istanbul,beylikduzu,kavakli,7,2,750,25,2,75000
istanbul,cekmekoy,catalmese,2,1,80,8,2,22000
istanbul,besiktas,akat,3,1,124,34,6,68000
istanbul,sisli,mesrutiyet,3,1,110,21,5,45000
istanbul,sisli,mesrutiyet,1,1,80,21,2,55000
istanbul,sisli,mesrutiyet,2,1,90,26,1,60000
istanbul,beylikduzu,buyuksehir,3,1,110,25,11,27000
istanbul,beykoz,camlibahce,3,1,130,20,3,23000
istanbul,beykoz,tokatkoy,2,1,120,30,3,18000
istanbul,sisli,ferikoy,2,1,85,35,0,28000
istanbul,uskudar,bahcelievler,4,1,210,0,6,80000
istanbul,cekmekoy,eksioglu,2,1,75,0,3,22000
istanbul,beyoglu,gumussuyu,2,1,65,35,-1,28000
istanbul,esenyurt,piri_reis,1,1,124,8,6,16500
istanbul,kadikoy,19_mayis,3,1,135,29,-1,55000
istanbul,kadikoy,caddebostan,3,1,155,0,6,150000
istanbul,cekmekoy,eksioglu,2,1,75,0,3,21000
istanbul,eyupsultan,gokturk_merkez,1,1,60,1,3,35000
istanbul,eyupsultan,mimar_sinan,1,1,75,6,5,40000
istanbul,eyupsultan,gokturk_merkez,1,1,60,11,2,45000
istanbul,eyupsultan,gokturk_merkez,2,1,105,14,1,50000
istanbul,eyupsultan,gokturk_merkez,2,1,100,0,5,57000
istanbul,eyupsultan,gokturk_merkez,2,2,180,12,4,89000
istanbul,eyupsultan,gokturk_merkez,1,1,55,0,1,35000
istanbul,besiktas,levazim,1,1,169,4,3,270000
istanbul,besiktas,levent,3,1,220,15,17,140000
istanbul,besiktas,dikilitas,5,2,550,15,21,360000
istanbul,sisli,tesvikiye,1,1,100,0,8,125000
istanbul,besiktas,dikilitas,4,1,270,10,21,140000
istanbul,kagithane,emniyet_evleri,3,1,250,15,17,140000
istanbul,besiktas,gayrettepe,2,0,154,13,3,130000
istanbul,besiktas,dikilitas,1,1,96,15,6,60000
istanbul,besiktas,nisbetiye,4,1,500,1,13,500000
istanbul,arnavutkoy,karlibayir,2,1,110,5,3,18000
istanbul,beyoglu,hacimimi,1,1,70,50,5,30000
istanbul,sisli,tesvikiye,1,1,97,0,2,120000
istanbul,sisli,tesvikiye,1,1,95,0,1,120000
istanbul,beykoz,anadolu_hisari,3,1,180,30,2,120000
istanbul,sariyer,emirgan,1,1,105,45,1,75000
istanbul,besiktas,levent,5,1,285,50,2,265000
istanbul,besiktas,dikilitas,5,2,550,15,21,360000
istanbul,kagithane,seyrantepe,2,1,90,20,2,40000
istanbul,esenyurt,akevler,3,1,130,8,3,25000
istanbul,esenyurt,talatpasa,2,1,95,4,3,15000
istanbul,sisli,merkez,1,1,70,1,12,50000
istanbul,besiktas,levent,3,1,250,15,16,140000
istanbul,beykoz,anadolu_hisari,3,1,145,30,5,55000
istanbul,uskudar,barbaros,4,1,220,2,2,155000
istanbul,umraniye,finanskent,1,1,68,4,4,38000
istanbul,maltepe,zumrutevler,2,1,90,1,5,53500
istanbul,atasehir,ataturk,3,1,110,13,2,65000
istanbul,umraniye,camlik,2,1,101,5,9,47800
istanbul,umraniye,camlik,1,1,65,5,21,38500
istanbul,umraniye,finanskent,1,1,68,1,21,45000
istanbul,umraniye,finanskent,2,1,68,1,2,48500
istanbul,kadikoy,caddebostan,3,1,135,23,2,75000
istanbul,kadikoy,caddebostan,3,1,135,4,4,85000
istanbul,kadikoy,goztepe,2,1,105,4,4,75000
istanbul,kadikoy,goztepe,2,1,100,15,3,68000
istanbul,kadikoy,feneryolu,3,1,125,5,7,85000
istanbul,kadikoy,caddebostan,3,1,115,0,6,125000
istanbul,kadikoy,egitim,3,1,100,30,1,45000
istanbul,silivri,yeni,2,1,100,30,5,15000
istanbul,kagithane,nurtepe,2,1,70,12,1,20000
istanbul,pendik,fevzi_cakmak,3,1,130,25,3,20000
istanbul,kagithane,merkez,2,1,107,5,1,50000
istanbul,kagithane,ortabayir,2,1,75,8,3,26000
istanbul,kagithane,celiktepe,2,1,75,4,2,32000
istanbul,pendik,dumlupinar,3,2,165,15,3,30000
istanbul,gaziosmanpasa,karadeniz,1,1,90,10,5,35000
istanbul,sisli,harbiye,2,1,320,16,19,600000
istanbul,kagithane,caglayan,2,1,65,7,1,23000
istanbul,silivri,sancaktepe,3,1,160,15,-2,20000
istanbul,silivri,alibey,3,1,140,30,3,19000
istanbul,sariyer,zekeriyakoy,5,1,400,11,2,250000
istanbul,sariyer,kumkoy,4,2,580,12,2,245000
istanbul,sariyer,zekeriyakoy,4,2,400,16,2,195000
istanbul,sariyer,kumkoy,4,2,388,11,2,185000
istanbul,sariyer,kumkoy,4,2,388,12,2,185000
istanbul,sariyer,zekeriyakoy,5,2,350,25,2,170000
istanbul,sariyer,kumkoy,5,2,388,11,2,165000
istanbul,sariyer,uskumrukoy,3,1,230,11,2,145000
istanbul,sariyer,zekeriyakoy,2,1,140,11,2,80000
istanbul,sariyer,uskumrukoy,2,1,115,10,2,80000
istanbul,kagithane,nurtepe,1,1,75,15,1,20000
istanbul,maltepe,aydinevler,2,1,90,0,2,31000
istanbul,eyupsultan,mimar_sinan,2,1,110,3,5,45000
istanbul,uskudar,selami_ali,2,1,75,0,5,40000
istanbul,sisli,ferikoy,2,1,120,40,4,40000
istanbul,uskudar,sultantepe,2,1,70,34,2,30000
istanbul,kadikoy,suadiye,2,1,110,30,3,65000
istanbul,bahcelievler,sirinevler,3,1,165,32,4,27000
istanbul,atasehir,icerenkoy,2,1,90,35,9,31000
istanbul,kartal,kordonboyu,4,1,256,12,11,115000
istanbul,tuzla,cami,3,1,140,25,5,27000
istanbul,umraniye,tatlisu,2,1,60,11,5,34000
istanbul,fatih,koca_mustafapasa,3,1,120,40,4,32000
istanbul,cekmekoy,catalmese,2,1,85,3,3,22000
istanbul,kucukcekmece,cennet,2,1,95,32,1,25000
istanbul,kagithane,yahya_kemal,2,1,90,1,3,35000
istanbul,sisli,merkez,2,1,100,45,1,32000
istanbul,sisli,gulbahar,2,1,85,30,5,23000
istanbul,kagithane,sultan_selim,1,1,60,29,2,18000
istanbul,besiktas,ortakoy,3,1,120,27,4,90000
istanbul,kagithane,gursel,2,1,90,10,0,25000
istanbul,sisli,tesvikiye,3,0,135,30,4,60000
istanbul,sariyer,fatih_sultan_mehmet,2,1,100,28,0,20000
istanbul,sisli,eskisehir,1,1,65,9,1,19000
istanbul,esenyurt,cinar,2,1,95,5,0,10000
istanbul,buyukcekmece,cumhuriyet,3,1,144,30,1,26000
istanbul,maltepe,altintepe,2,1,100,1,4,50000
istanbul,kucukcekmece,cumhuriyet,3,1,120,7,9,39500
istanbul,sisli,pasa,2,1,85,15,5,25000
istanbul,tuzla,yayla,2,1,100,25,2,18000
istanbul,atasehir,ornek,1,1,55,15,21,35000
istanbul,atasehir,ataturk,1,1,60,0,21,50000
istanbul,maltepe,feyzullah,2,1,100,29,3,40000
istanbul,kadikoy,zuhtupasa,3,1,130,3,1,71500
istanbul,kadikoy,fenerbahce,2,1,100,30,2,55000
istanbul,eyupsultan,gokturk_merkez,1,1,90,15,2,60000
istanbul,bahcelievler,siyavuspasa,2,1,88,35,5,26000
istanbul,umraniye,istiklal,3,1,100,14,2,35000
istanbul,kartal,ugur_mumcu,2,1,100,30,1,26000
istanbul,sisli,ferikoy,3,1,120,30,2,35000
istanbul,tuzla,istasyon,2,1,110,25,0,26000
istanbul,tuzla,aydintepe,1,1,50,9,11,18000
istanbul,sisli,gulbahar,2,1,90,20,2,20500
istanbul,uskudar,zeynep_kamil,2,1,75,38,0,25000
istanbul,atasehir,ataturk,1,1,60,0,21,50000
istanbul,eyupsultan,gokturk_merkez,3,1,200,16,1,140000
istanbul,fatih,koca_mustafapasa,1,1,70,40,3,13500
istanbul,sariyer,maslak,2,1,145,12,21,150000
istanbul,beyoglu,firuzaga,3,1,130,45,2,60000
istanbul,sancaktepe,kemal_turkler,3,1,157,8,0,59000
istanbul,uskudar,bulgurlu,2,1,85,26,4,27000
istanbul,besiktas,ortakoy,1,0,70,37,0,31500
istanbul,bagcilar,100_yil,2,1,120,35,2,17500
istanbul,uskudar,cumhuriyet,2,1,65,17,0,30000
istanbul,tuzla,yayla,2,1,130,30,0,15000
istanbul,kadikoy,osmanaga,1,0,60,0,3,40000
istanbul,kagithane,celiktepe,1,1,55,26,3,13500
istanbul,kadikoy,rasimpasa,2,1,65,40,1,26000
istanbul,buyukcekmece,kamiloba,1,0,43,47,3,10000
istanbul,sisli,gulbahar,2,1,100,40,3,29000
istanbul,atasehir,ornek,1,1,55,10,1,29000
istanbul,bahcelievler,soganli,2,1,75,40,1,13000
istanbul,bagcilar,yenimahalle,4,1,160,30,5,17000
istanbul,beyoglu,kadimehmet_efendi,1,1,75,40,2,17000
istanbul,sisli,mecidiyekoy,2,1,110,35,1,26000
istanbul,sile,haci_kasim,1,1,60,20,1,18000
istanbul,sisli,gulbahar,2,1,85,12,1,21000
istanbul,bagcilar,yenimahalle,2,1,100,30,0,11000
istanbul,avcilar,denizkoskler,3,1,150,30,1,25000
istanbul,cekmekoy,cumhuriyet,2,1,125,11,1,14000
istanbul,sultangazi,cebeci,2,1,110,4,3,25000
istanbul,sisli,mahmut_sevket_pasa,2,1,85,35,3,22000
istanbul,maltepe,yali,2,1,100,25,1,26000
istanbul,pendik,kavakpinar,3,1,100,15,3,18000
istanbul,maltepe,cevizli,2,1,85,32,2,24000
istanbul,kadikoy,kozyatagi,3,1,115,35,2,35000
istanbul,esenyurt,ornek,3,1,120,6,3,17000
istanbul,bakirkoy,basinkoy,2,1,120,31,1,50000
istanbul,uskudar,sultantepe,3,1,120,30,2,37000
istanbul,pendik,ahmet_yesevi,1,1,60,11,0,17500
istanbul,fatih,hirka_i_serif,1,1,65,0,0,25000
istanbul,sisli,ergenekon,1,1,45,50,2,18000
istanbul,cekmekoy,cumhuriyet,1,1,110,11,0,16000
istanbul,sisli,duatepe,2,1,80,30,5,25000
istanbul,avcilar,denizkoskler,4,1,140,12,5,30000
istanbul,fatih,seyyid_omer,2,1,75,40,1,20000
istanbul,gaziosmanpasa,fevzi_cakmak,2,1,100,25,3,20000
istanbul,fatih,hirka_i_serif,1,1,65,0,3,30000
istanbul,sancaktepe,yunus_emre,1,1,65,4,2,17000
istanbul,beykoz,cubuklu,2,1,90,30,0,33000
istanbul,sisli,ergenekon,3,1,130,40,0,50000
istanbul,basaksehir,bahcesehir_2_kisim,2,0,78,27,3,16000
istanbul,kagithane,telsizler,3,1,125,30,3,21000
istanbul,esenyurt,mehtercesme,2,1,100,11,3,15500
istanbul,uskudar,unalan,1,1,70,1,21,73000
istanbul,bakirkoy,basinkoy,3,1,150,29,1,52000
istanbul,kagithane,telsizler,1,1,80,25,-1,20000
istanbul,sisli,gulbahar,2,1,75,25,5,28500
istanbul,uskudar,icadiye,2,1,82,0,0,25000
istanbul,kucukcekmece,fatih,3,1,110,0,10,35000
istanbul,bahcelievler,bahcelievler,2,1,95,34,3,33000
istanbul,uskudar,icadiye,2,1,82,0,0,25000
istanbul,kagithane,sirintepe,2,1,68,2,1,25000
istanbul,kartal,kordonboyu,2,1,85,4,1,35000
istanbul,kucukcekmece,yeni_mahalle,2,1,75,6,0,17500
istanbul,kucukcekmece,gultepe,3,1,130,35,4,20000
istanbul,maltepe,idealtepe,3,1,130,29,4,37500
istanbul,kadikoy,feneryolu,2,0,140,34,6,82000
istanbul,kucukcekmece,inonu,3,1,135,21,3,16000
istanbul,sariyer,ayazaga,1,1,81,11,7,60000
istanbul,besiktas,etiler,4,1,240,37,2,300000
istanbul,esenler,fevzi_cakmak,1,1,60,15,0,15500
istanbul,besiktas,levazim,3,1,100,35,2,55000
istanbul,besiktas,turkali,3,1,150,35,4,70000
istanbul,esenyurt,gokevler,1,1,90,2,21,31000
istanbul,beykoz,anadolu_hisari,3,1,145,35,3,55000
istanbul,maltepe,aydinevler,2,1,90,9,2,34000
istanbul,kagithane,caglayan,1,1,42,8,3,30999
istanbul,eyupsultan,circir,2,1,100,8,0,21500
istanbul,esenyurt,koza,1,1,60,13,3,19000
istanbul,fatih,silivrikapi,8,2,705,0,2,250000
istanbul,esenyurt,zafer,1,1,65,9,21,15000
istanbul,esenyurt,selahaddin_eyyubi,2,1,105,5,3,17500
istanbul,uskudar,unalan,2,1,70,13,1,22000
istanbul,bakirkoy,yesilkoy,3,1,163,0,1,95000
istanbul,kadikoy,feneryolu,3,1,150,33,1,45000
istanbul,kadikoy,caferaga,2,1,80,44,0,35000
istanbul,kucukcekmece,halkali_merkez,3,1,140,12,5,65000
istanbul,kagithane,celiktepe,2,1,90,5,8,35000
istanbul,kartal,hurriyet,3,1,140,20,8,26000
istanbul,kagithane,hurriyet,3,2,160,5,5,35000
istanbul,kadikoy,caferaga,2,1,80,44,0,35000
istanbul,beylikduzu,baris,3,1,144,25,3,24000
istanbul,besiktas,gayrettepe,2,1,90,35,5,52000
istanbul,esenyurt,zafer,2,1,193,7,6,28000
istanbul,eyupsultan,circir,1,1,60,2,3,26000
istanbul,beylikduzu,yakuplu,2,1,90,11,3,21000
istanbul,sisli,gulbahar,2,1,90,25,2,20500
istanbul,bakirkoy,senlikkoy,5,2,350,30,5,105000
istanbul,kadikoy,19_mayis,3,1,145,33,11,55000
istanbul,esenyurt,cumhuriyet,3,1,140,16,8,26000
istanbul,uskudar,cengelkoy,2,1,115,0,2,65000
istanbul,kadikoy,suadiye,3,1,160,1,3,129500
istanbul,maltepe,altintepe,2,1,120,31,4,35000
istanbul,kadikoy,merdivenkoy,3,1,135,31,5,40000
istanbul,maltepe,findikli,1,1,58,10,0,20000
istanbul,beyoglu,sutluce,3,1,160,28,4,45000
istanbul,beyoglu,firuzaga,1,1,60,9,1,45000
istanbul,maltepe,idealtepe,2,1,70,0,1,42000
istanbul,sisli,mecidiyekoy,1,1,55,5,0,32000
istanbul,sariyer,maslak,4,1,269,6,16,210000
istanbul,kadikoy,merdivenkoy,3,1,135,40,3,33000
istanbul,atasehir,icerenkoy,2,1,75,15,0,30000
istanbul,uskudar,zeynep_kamil,2,1,75,452,2,20000
istanbul,umraniye,esenevler,3,1,125,10,4,30000
istanbul,sancaktepe,akpinar,3,1,145,35,5,20000
istanbul,esenyurt,gokevler,2,1,102,1,21,20000
istanbul,kadikoy,bostanci,3,0,110,29,1,41500
istanbul,besiktas,dikilitas,3,1,110,8,5,60000
istanbul,avcilar,universite,3,1,175,5,2,65000
istanbul,umraniye,camlik,2,1,90,25,1,20000
istanbul,sisli,19_mayis,1,1,60,4,1,40500
istanbul,bakirkoy,osmaniye,4,0,195,11,1,95000
istanbul,kagithane,telsizler,2,1,60,0,2,38000
istanbul,kadikoy,bostanci,4,1,170,0,6,150000
istanbul,pendik,kaynarca,2,1,100,26,5,23500
istanbul,kadikoy,bostanci,3,1,130,35,9,50000
istanbul,esenyurt,zafer,2,1,115,5,7,25000
istanbul,kadikoy,suadiye,3,1,112,0,9,85000
istanbul,fatih,sehremini,3,1,120,42,4,30000
istanbul,umraniye,elmalikent,1,1,70,4,0,26000
istanbul,kagithane,ortabayir,2,1,110,25,2,35000
istanbul,kadikoy,zuhtupasa,3,1,110,19,3,62000
istanbul,pendik,kaynarca,1,1,67,10,0,18000
istanbul,esenyurt,fatih,2,1,90,9,2,13000
istanbul,sisli,tesvikiye,4,1,366,0,3,550000
istanbul,sisli,gulbahar,2,1,95,30,5,20000
istanbul,sisli,tesvikiye,2,2,120,5,4,180000
istanbul,maltepe,zumrutevler,3,1,115,10,4,38500
istanbul,kartal,orhantepe,3,1,200,26,2,45000
istanbul,sisli,fulya,2,1,100,25,3,32500
istanbul,sisli,esentepe,3,1,193,0,4,130000
istanbul,besiktas,akat,2,1,120,40,2,70000
istanbul,kagithane,hurriyet,3,1,120,30,3,27000
istanbul,gaziosmanpasa,mevlana,1,1,70,11,7,40000
istanbul,esenyurt,piri_reis,2,1,110,13,11,19000
istanbul,uskudar,bahcelievler,4,1,180,0,0,95000
istanbul,beyoglu,kuloglu,1,0,45,30,2,30000
istanbul,uskudar,sultantepe,2,1,90,30,1,35000
istanbul,besiktas,arnavutkoy,1,1,90,37,0,100000
istanbul,sisli,tesvikiye,3,1,170,45,0,85000
istanbul,sisli,fulya,3,1,180,30,3,57000
istanbul,sisli,bozkurt,2,1,100,45,0,25000
istanbul,sariyer,tarabya,3,1,140,30,2,40000
istanbul,tuzla,aydinli,2,1,100,10,5,30000
istanbul,zeytinburnu,nuripasa,2,1,75,29,6,16000
istanbul,sariyer,kirecburnu,3,1,220,25,1,138000
istanbul,besiktas,yildiz,2,1,100,37,5,33000
istanbul,beyoglu,sutluce,1,1,65,28,1,15000
istanbul,uskudar,kuzguncuk,4,2,320,20,2,160000
istanbul,beyoglu,kocatepe,2,1,80,30,0,40000
istanbul,atasehir,asikveysel,3,1,140,16,3,35000
istanbul,kagithane,emniyet_evleri,3,1,120,33,3,35000
istanbul,kadikoy,kozyatagi,2,1,90,10,11,60000
istanbul,sariyer,uskumrukoy,6,2,450,22,2,180000
istanbul,sisli,kustepe,1,1,55,25,2,21500
istanbul,sisli,gulbahar,4,1,165,35,5,28000
istanbul,besiktas,kultur,3,1,120,35,-2,60000
istanbul,kadikoy,caferaga,2,1,90,40,2,47000
istanbul,beyoglu,purtelas_hasan_efendi,2,1,85,40,0,40000
istanbul,esenler,havaalani,2,1,85,3,2,45000
istanbul,kadikoy,hasanpasa,2,1,80,12,-1,28000
istanbul,atasehir,icerenkoy,2,1,100,9,1,31000
istanbul,buyukcekmece,turkoba,2,1,110,15,0,15000
istanbul,basaksehir,bahcesehir_2_kisim,2,1,135,19,8,32000
istanbul,sisli,tesvikiye,3,1,150,30,-1,65000
istanbul,sariyer,istinye,1,1,85,50,1,55000
istanbul,sisli,pasa,2,1,85,14,1,36000
istanbul,uskudar,aziz_mahmut_hudayi,2,1,65,1,5,42000
istanbul,kadikoy,feneryolu,3,1,152,1,3,165000
istanbul,kadikoy,suadiye,3,1,135,2,6,75000
istanbul,kucukcekmece,atakent,1,1,48,23,2,18000
istanbul,sancaktepe,eyup_sultan,1,1,70,25,3,12000
istanbul,sultanbeyli,yavuz_selim,2,1,90,3,3,21000
istanbul,besiktas,turkali,2,1,100,10,1,55000
istanbul,kadikoy,fenerbahce,3,1,120,0,3,105000
istanbul,kagithane,celiktepe,1,0,110,18,0,25000
istanbul,kartal,cevizli,2,1,90,0,5,35500
istanbul,kagithane,seyrantepe,1,0,50,13,2,18500
istanbul,umraniye,site,2,1,76,19,13,38000
istanbul,maltepe,altintepe,2,1,65,0,0,35500
istanbul,esenyurt,ucevler,1,1,75,12,9,13000
istanbul,sariyer,maslak,1,1,114,10,3,87500
istanbul,kadikoy,caferaga,1,1,85,35,1,42000
istanbul,umraniye,cakmak,2,1,70,12,1,18000
istanbul,pendik,kaynarca,3,1,125,25,1,25000
istanbul,besiktas,kultur,3,1,120,39,-1,65000
istanbul,beylikduzu,yakuplu,3,1,125,28,1,18000
istanbul,bakirkoy,osmaniye,3,1,148,11,8,80000
istanbul,sisli,inonu,1,1,100,14,6,45000
istanbul,pendik,yeni,2,1,105,11,5,35000
istanbul,sariyer,tarabya,6,2,650,15,2,480000
istanbul,kadikoy,caferaga,1,1,60,5,0,43000
istanbul,bakirkoy,senlikkoy,3,1,165,26,0,57000
istanbul,uskudar,cengelkoy,2,1,124,2,0,55000
izmir,karabaglar,bahcelievler,2,1,95,5,2,25000
izmir,cesme,alacati,4,1,140,7,2,875000
izmir,buca,hurriyet,3,1,120,11,4,27000
izmir,gaziemir,fatih,4,1,180,0,2,50000
izmir,balcova,onur,1,1,70,30,3,21000
izmir,torbali,muratbey,3,1,180,5,3,34000
izmir,karsiyaka,bahcelievler,2,1,110,21,3,35000
izmir,buca,efeler,3,1,105,38,5,30000
izmir,menemen,kasimpasa,3,1,140,6,0,30000
izmir,karsiyaka,zubeyde_hanim,1,1,60,2,4,25000
izmir,buca,inkilap,3,1,120,10,3,32500
izmir,karabaglar,esenyali,4,1,230,24,3,50000
izmir,bornova,evka_3,2,1,80,35,2,24000
izmir,guzelbahce,yali,3,1,125,11,2,35000
izmir,bayrakli,r_sevket_ince,2,1,80,3,4,24000
izmir,menderes,cuneytbey,2,1,70,0,3,23500
izmir,cigli,atasehir,3,1,155,25,3,40000
izmir,konak,cankaya,3,1,110,46,5,35000
izmir,gaziemir,atifbey,3,1,135,18,1,30000
izmir,cigli,balatcik,1,1,55,7,3,18000
izmir,foca,mustafa_kemal_ataturk,2,1,100,1,0,250000
izmir,buca,kozagac,3,1,135,5,3,25000
izmir,bayrakli,muhittin_erener,2,1,95,5,4,17000
izmir,cesme,ilica,3,1,140,16,2,600000
izmir,bornova,kazimdirik,2,1,90,30,3,25000
izmir,karabaglar,bahar,2,1,109,9,2,22000
izmir,cesme,ilica,3,1,140,9,2,450000
izmir,karsiyaka,semikler,3,1,167,8,6,52500
izmir,bornova,evka_4,3,1,105,25,8,22000
izmir,karsiyaka,yali,3,1,130,26,4,27500
izmir,narlidere,catalkaya,4,2,240,26,0,105000
izmir,foca,kazim_dirik,2,1,85,7,2,17500
izmir,cesme,ilica,3,1,160,15,2,640000
izmir,bayrakli,manavkuyu,3,1,130,25,4,28500
izmir,cigli,ataturk,1,1,65,10,3,18000
izmir,bornova,gurpinar,2,1,107,15,2,25000
izmir,urla,gulbahce,2,1,70,1,1,55000
izmir,bornova,rafet_pasa,1,1,60,3,8,30500
izmir,narlidere,ilica,3,1,160,20,1,45000
izmir,bayrakli,tepekule,3,1,130,25,8,26000
izmir,buca,kozagac,2,1,80,4,3,20000
izmir,menemen,inonu,1,1,60,0,0,15000
izmir,karsiyaka,bahariye,2,1,105,32,2,24000
izmir,cesme,alacati,3,1,150,18,2,650000
izmir,konak,goztepe,2,1,100,40,0,22000
izmir,karsiyaka,demirkopru,3,1,140,11,2,34000
izmir,balcova,cetin_emec,2,1,110,30,1,25000
izmir,buca,vali_rahmi_bey,1,1,50,8,5,20000
izmir,bornova,barbaros,2,1,144,5,10,41000
izmir,narlidere,catalkaya,4,2,260,12,2,105000
izmir,konak,mehmet_ali_akman,4,1,165,40,3,40000
izmir,menemen,85_yil_cumhuriyet,1,1,55,0,3,13000
izmir,balcova,fevzi_cakmak,3,1,125,30,4,35000
izmir,guzelbahce,kahramandere,5,2,600,15,2,120000
izmir,cesme,alacati,4,1,400,9,2,60000
izmir,karsiyaka,latife_hanim,3,1,120,0,5,27500
izmir,cesme,alacati,4,1,160,9,2,375000
izmir,bornova,rafet_pasa,3,1,165,7,4,45000
izmir,buca,efeler,3,1,135,25,3,26000
izmir,buca,yenigun,3,1,160,23,1,20000
izmir,konak,mehmet_ali_akman,3,1,130,28,4,28000
izmir,buca,yigitler,3,1,110,7,0,20000
izmir,narlidere,catalkaya,3,1,150,13,1,45000
izmir,bornova,evka_3,3,1,150,25,2,37500
izmir,karsiyaka,bahriye_ucok,2,1,70,0,1,40000
izmir,karsiyaka,yali,2,1,90,7,8,55000
izmir,karsiyaka,semikler,2,1,85,1,3,28500
izmir,karabaglar,esenlik,2,1,100,35,5,28000
izmir,menemen,85_yil_cumhuriyet,1,1,54,0,2,13000
izmir,karsiyaka,yali,2,1,97,10,10,45000
izmir,karabaglar,adnan_suvari,3,1,145,25,0,26000
izmir,bornova,mevlana,1,1,55,10,2,24000
izmir,cigli,evka_6,2,1,86,25,7,16000
izmir,bornova,erzene,3,0,130,19,3,24000
izmir,karabaglar,basin_sitesi,3,1,135,27,3,35000
izmir,cigli,atasehir,3,1,135,8,3,33000
izmir,cigli,balatcik,1,1,60,0,4,26000
izmir,bornova,mevlana,1,1,55,13,7,26000
izmir,karsiyaka,bostanli,1,1,50,0,1,34000
izmir,buca,guven,3,1,150,10,4,26500
izmir,foca,fevzi_cakmak,4,2,150,7,5,200000
izmir,bornova,evka_4,2,1,80,20,3,20000
izmir,bayrakli,manavkuyu,3,1,120,28,6,25000
izmir,cesme,alacati,4,1,180,16,2,830000
izmir,karsiyaka,alaybey,3,1,102,35,1,19000
izmir,balcova,onur,1,1,45,1,2,32000
izmir,cesme,alacati,3,1,160,15,2,225000
izmir,cesme,alacati,3,1,170,17,2,450000
izmir,buca,adatepe,3,1,140,20,6,26500
izmir,karsiyaka,yali,3,1,170,18,1,60000
izmir,buca,inkilap,3,1,165,20,3,32500
izmir,cigli,ataturk,3,1,122,8,0,19000
izmir,bayrakli,mansuroglu,3,1,100,45,3,22000
izmir,karsiyaka,bahcelievler,3,1,90,30,1,30000
izmir,cigli,atasehir,2,1,100,29,0,20000
izmir,urla,icmeler,2,1,100,15,1,22500
izmir,karsiyaka,nergiz,3,1,110,9,2,30000
izmir,kemalpasa,sekiz_eylul,3,1,100,25,1,19000
izmir,cesme,sifne,3,1,160,10,2,200000
izmir,karabaglar,uckuyular,2,1,100,35,1,30000
izmir,urla,gulbahce,2,1,70,9,0,40000
izmir,buca,camlikule,1,1,70,21,3,14850
izmir,karsiyaka,bahariye,3,1,110,30,2,25000
izmir,bayrakli,tepekule,2,0,90,25,4,23500
izmir,karabaglar,calikusu,2,1,100,30,0,15500
izmir,bornova,evka_3,1,1,55,27,1,18000
izmir,cesme,germiyan,3,1,300,35,2,350000
izmir,narlidere,ilica,2,1,120,25,2,27000
izmir,karsiyaka,dedebasi,2,1,92,9,1,28000
izmir,bornova,mevlana,1,1,55,10,3,25000
izmir,buca,inkilap,2,1,90,10,1,21000
izmir,bornova,ataturk,1,1,56,8,3,29000
izmir,cesme,ardic,3,1,170,15,2,350000
izmir,balcova,fevzi_cakmak,3,1,125,25,5,35000
izmir,karsiyaka,cumhuriyet,2,1,85,7,2,25500
izmir,konak,alsancak,1,1,95,26,2,31000
izmir,karsiyaka,donanmaci,4,0,186,38,5,75000
izmir,konak,mehmet_ali_akman,3,1,120,27,3,28000
izmir,bayrakli,mansuroglu,2,2,110,38,2,25000
izmir,buca,efeler,3,1,110,25,3,22000
izmir,cigli,atasehir,3,1,150,14,5,40000
izmir,karsiyaka,bahriye_ucok,3,1,120,50,3,30000
izmir,cigli,esentepe,3,1,125,6,5,27000
izmir,karabaglar,uckuyular,2,1,140,30,2,32000
izmir,bornova,mevlana,1,0,55,7,1,17000
izmir,buca,yenigun,2,1,100,20,1,18000
izmir,bornova,erzene,3,1,120,30,3,35000
izmir,buca,baris,2,1,80,0,3,23000
izmir,bayrakli,emek,2,1,100,29,3,13000
izmir,menemen,inonu,2,1,85,5,2,15000
izmir,bornova,kazimdirik,2,1,110,10,7,44000
izmir,karsiyaka,bahriye_ucok,3,1,145,35,5,28000
izmir,konak,murat_reis,3,1,135,31,2,30000
izmir,balcova,fevzi_cakmak,2,1,90,5,2,30000
izmir,bornova,ataturk,1,1,54,6,3,28500
izmir,urla,gulbahce,1,1,45,3,1,32000
izmir,cesme,alacati,3,1,150,7,0,500000
izmir,konak,kultur,2,1,100,30,2,30000
izmir,balcova,teleferik,2,1,90,25,5,25000
izmir,buca,inkilap,2,1,70,7,4,23000
izmir,cigli,balatcik,1,1,47,0,1,15000
izmir,menemen,85_yil_cumhuriyet,1,1,58,0,0,15000
izmir,bornova,ergene,3,1,140,13,1,30000
izmir,bayrakli,osmangazi,2,1,95,25,3,22000
izmir,karabaglar,yunus_emre,3,1,130,26,3,13000
izmir,buca,kozagac,1,1,55,16,1,11000
izmir,balcova,onur,2,1,90,7,4,30000
izmir,konak,altintas,2,1,95,30,5,18000
izmir,bornova,inonu,4,1,150,16,2,25000
izmir,konak,barbaros,2,1,100,45,0,25000
izmir,karsiyaka,alaybey,1,1,80,35,4,20000
izmir,karsiyaka,bostanli,1,1,65,2,2,36500
izmir,odemis,inonu,2,1,97,25,3,9000
izmir,bornova,evka_3,2,1,90,22,3,39000
izmir,menemen,mermerli,2,1,105,30,3,16000
izmir,buca,kurucesme,1,1,55,12,0,18000
izmir,balcova,fevzi_cakmak,3,1,111,30,4,25000
izmir,menemen,85_yil_cumhuriyet,1,1,58,0,3,13000
izmir,balcova,onur,3,1,125,30,2,25000
izmir,foca,ataturk,3,1,110,26,2,35000
izmir,karsiyaka,semikler,2,1,100,5,4,37000
izmir,cesme,16_eylul,2,1,120,30,5,27000
izmir,menemen,istiklal,3,1,125,20,9,20000
izmir,karsiyaka,tuna,3,1,110,38,0,18000
izmir,bayrakli,manavkuyu,3,1,140,26,4,30000
izmir,cesme,alacati,1,1,80,3,2,40000
izmir,menemen,esatpasa,2,1,80,35,3,16000
izmir,buca,inkilap,2,0,80,30,-2,18000
izmir,konak,cankaya,3,1,115,35,2,23000
izmir,karabaglar,uckuyular,3,1,125,35,1,25000
izmir,menderes,orta,4,1,170,14,2,90000
izmir,buca,kurucesme,1,1,85,5,0,36000
izmir,cesme,sifne,3,1,130,5,2,590000
izmir,bornova,kazimdirik,3,1,120,37,1,26000
izmir,torbali,ayrancilar,2,1,100,14,3,16500
izmir,cigli,atasehir,3,1,145,14,9,75000
izmir,karsiyaka,zubeyde_hanim,3,1,135,15,5,30000
izmir,konak,zafertepe,2,1,110,15,1,19000
izmir,karsiyaka,imbatli,2,1,75,9,3,32000
izmir,konak,26_agustos,2,1,85,26,3,30000
izmir,urla,guvendik,2,1,100,4,2,60000
izmir,buca,yenigun,1,1,55,5,5,23000
izmir,cesme,dalyan,6,0,450,4,2,450000
izmir,karsiyaka,alaybey,2,1,100,40,1,30000
izmir,buca,yesilbaglar,2,1,85,15,5,13000
izmir,karsiyaka,aksoy,3,1,130,0,5,60000
izmir,karsiyaka,mustafa_kemal,3,1,165,12,5,39500
izmir,seferihisar,colak_ibrahim_bey,2,1,80,7,1,27500
izmir,cesme,dalyan,3,1,199,20,0,1100000
izmir,cesme,sakarya,4,1,280,25,2,690000
izmir,karsiyaka,yali,2,1,100,20,1,31000
izmir,bayrakli,r_sevket_ince,2,1,75,7,3,18000
izmir,karabaglar,kazim_karabekir,2,1,80,0,3,20000
izmir,buca,ataturk,1,1,60,4,0,14000
izmir,buca,yenigun,3,1,110,0,5,32000
izmir,cigli,atasehir,1,1,75,11,2,43500
izmir,karsiyaka,tuna,3,0,120,45,2,30000
izmir,guzelbahce,yelki,4,1,200,0,2,149000
izmir,gaziemir,fatih,2,1,140,15,0,17500
izmir,konak,barbaros,2,1,120,52,3,32500
izmir,urla,yenikent,3,1,170,28,2,70000
izmir,cesme,alacati,3,1,130,11,2,450000
izmir,cigli,sirintepe,2,1,90,25,1,15000
izmir,buca,camlikule,1,1,50,0,3,24000
izmir,menemen,ataturk,3,1,135,0,7,32500
izmir,torbali,muratbey,3,1,130,30,3,17000
izmir,konak,goztepe,2,1,85,9,4,35000
izmir,seferihisar,camikebir,3,1,170,9,0,35000
izmir,menemen,29_ekim,3,1,158,1,7,42000
izmir,karsiyaka,bahriye_ucok,3,1,120,6,4,45000
izmir,karsiyaka,bahariye,3,1,130,30,5,30000
izmir,selcuk,ataturk,2,1,70,15,3,25000
izmir,menemen,85_yil_cumhuriyet,1,1,50,1,1,16000
izmir,buca,camlipinar,1,1,55,0,7,20000
izmir,konak,zafertepe,2,1,95,10,1,25000
izmir,karabaglar,bahar,3,1,95,30,4,27000
izmir,karsiyaka,yali,1,1,60,6,1,27000
izmir,menemen,inonu,1,1,55,2,0,11000
izmir,karsiyaka,yali,2,1,75,12,1,21500
izmir,buca,ataturk,1,1,65,12,-2,16500
izmir,konak,alsancak,2,1,75,30,3,33000
izmir,bornova,gurpinar,3,1,190,21,1,24000
izmir,foca,cumhuriyet,1,1,65,25,0,40000
izmir,konak,kilic_reis,2,1,90,7,1,21000
izmir,konak,barbaros,2,1,100,28,2,35000
izmir,buca,yenigun,1,1,55,0,1,22000
izmir,dikili,uzunburun,3,1,140,15,2,35000
izmir,bayrakli,manavkuyu,3,1,132,0,8,65000
izmir,bayrakli,osmangazi,2,1,115,32,0,24000
izmir,menderes,gumuldur_inonu,2,1,90,10,0,30000
izmir,bayrakli,bayrakli,3,1,130,0,1,30000
izmir,kemalpasa,cambel,2,1,85,0,3,15000
izmir,cesme,alacati,4,1,200,13,2,300000
izmir,dikili,cumhuriyet,5,1,335,19,2,50000
izmir,menemen,ugur_mumcu,2,1,90,0,2,19000
izmir,konak,alsancak,3,1,125,35,2,35000
izmir,karabaglar,ali_fuat_cebesoy,4,1,200,1,2,60000
izmir,cesme,ardic,3,1,220,30,2,1200000
izmir,cesme,ismet_inonu,3,1,120,4,2,500000
izmir,buca,buca_koop,3,1,120,25,5,22000
izmir,karabaglar,adnan_suvari,3,1,120,35,2,28000
izmir,konak,cankaya,3,1,170,28,6,39000
izmir,balcova,egitim,3,1,95,30,2,12000
izmir,balcova,egitim,1,1,70,10,-2,18000
izmir,cigli,atasehir,1,1,75,4,0,35000
izmir,karsiyaka,imbatli,2,1,80,0,2,27000
izmir,menemen,inonu,2,1,90,8,2,20000
izmir,karsiyaka,demirkopru,1,1,60,5,2,26500
izmir,karabaglar,basin_sitesi,3,1,110,30,0,35000
izmir,gaziemir,zafer,2,1,95,25,8,17000
izmir,seferihisar,sigacik,3,1,120,13,5,47000
izmir,karabaglar,doganay,3,1,125,35,4,25000
izmir,torbali,fevzi_cakmak,1,1,75,0,1,18000
izmir,bayrakli,mansuroglu,3,1,135,30,7,25000
izmir,bayrakli,sogukkuyu,3,1,168,14,7,35000
izmir,menemen,9_eylul,3,1,135,13,5,24000
izmir,buca,laleli,2,1,75,7,4,20000
izmir,cigli,atasehir,3,1,160,9,3,37500
izmir,karsiyaka,yali,1,1,50,14,6,26000
izmir,karsiyaka,imbatli,2,1,90,5,2,10000
izmir,menemen,esatpasa,3,1,130,23,4,19000
izmir,aliaga,yeni,3,1,115,2,3,24000
izmir,seferihisar,turabiye,2,1,105,8,5,17000
izmir,karsiyaka,bostanli,3,1,110,31,1,32000
konya,selcuklu,yazir,2,1,131,4,4,38000
konya,eregli,toros,1,1,75,0,3,12000
konya,eregli,toros,1,1,65,5,3,12000
konya,selcuklu,kosova,2,1,100,0,1,22000
konya,selcuklu,beyhekim,2,1,110,6,4,21000
konya,selcuklu,yazir,3,1,170,15,6,24000
konya,karatay,gaziosmanpasa,3,1,120,6,3,24000
konya,eregli,gulbahce,1,1,45,2,1,14000
konya,selcuklu,husamettin_celebi,3,1,155,0,3,20000
konya,meram,konevi,2,1,130,35,1,19000
konya,meram,havzan,3,1,135,30,3,15000
konya,selcuklu,buhara,4,1,421,0,2,75000
konya,meram,konevi,3,1,180,20,2,25000
konya,selcuklu,ferhuniye,3,1,160,30,3,16000
konya,selcuklu,hacikaymak,3,1,160,25,2,20000
konya,meram,havzan,2,1,120,30,1,15000
konya,eregli,toros,1,1,55,0,3,14500
konya,eregli,toros,2,0,80,0,3,10500
konya,selcuklu,yazir,3,1,160,5,4,30000
konya,selcuklu,mehmet_akif,2,1,90,30,5,15000
konya,eregli,hamidiye,3,1,120,15,3,13000
konya,selcuklu,kosova,1,1,75,5,3,17000
konya,eregli,toros,1,1,90,2,2,12000
konya,selcuklu,selahaddin_eyyubi,3,1,170,7,3,26500
konya,eregli,turbe,3,1,145,12,2,13000
konya,selcuklu,selcuk,1,0,160,8,8,25500
konya,selcuklu,sancak,3,1,185,15,6,24000
konya,selcuklu,bosna_hersek,2,1,120,20,6,12000
konya,eregli,fatih,3,1,155,0,7,16000
konya,meram,koycegiz,1,1,65,6,1,15500
konya,selcuklu,fatih,2,1,130,25,3,15000
konya,selcuklu,feritpasa,2,0,110,25,8,18500
konya,meram,havzan,3,1,145,30,4,20000
konya,eregli,fatih,3,1,165,7,1,13000
konya,meram,alavardi,3,1,175,16,1,25000
konya,eregli,toros,1,1,60,0,3,11000
konya,meram,alavardi,1,1,90,4,4,15000
konya,meram,alavardi,2,1,90,25,2,17000
konya,eregli,fatih,1,1,45,3,1,8000
konya,eregli,haci_mustafa,3,1,140,20,3,10000
konya,meram,meliksah,4,1,190,20,2,23000
konya,selcuklu,nisantas,3,1,150,20,2,19500
konya,karatay,gaziosmanpasa,2,1,80,9,5,10500
konya,meram,sahibiata,2,1,130,30,3,11000
konya,karatay,erenler,3,1,160,7,3,25000
konya,meram,havzan,2,1,180,25,2,25000
konya,selcuklu,seker,3,1,185,1,2,32500
konya,meram,godene,3,1,112,12,6,11000
konya,karatay,ulubatlihasan,3,1,165,21,1,22000
konya,selcuklu,nisantas,3,1,110,30,1,15000
konya,selcuklu,bosna_hersek,3,1,120,16,4,20000
konya,selcuklu,seyh_samil,3,1,120,24,4,16500
konya,eregli,toros,1,1,60,0,3,11000
konya,meram,havzan,4,1,200,15,1,33000
konya,selcuklu,seker,3,1,175,22,10,25000
konya,selcuklu,parsana,3,1,130,20,1,15000
konya,eregli,toros,2,1,100,15,3,6500
konya,eregli,sinasi,2,0,90,1,3,10250
konya,eregli,toros,1,1,55,1,3,12500
konya,eregli,atakent,1,1,65,1,6,13000
konya,eregli,toros,1,1,50,0,5,12000
konya,selcuklu,ihsaniye,4,1,160,35,3,16000
konya,karatay,ulubatlihasan,3,1,165,21,1,22000
konya,meram,yaka,5,1,336,26,2,50000
konya,selcuklu,selahaddin_eyyubi,3,1,144,0,1,22000
konya,eregli,toros,1,1,55,7,1,10000
konya,eregli,aydinlar,3,1,140,10,8,12500
konya,selcuklu,kosova,3,1,155,20,1,20000
konya,karatay,kumkopru,2,1,110,1,3,18500
konya,eregli,toros,1,1,59,0,4,12000
konya,selcuklu,ihsaniye,3,1,140,30,4,13000
konya,selcuklu,kosova,4,1,219,8,4,28000
konya,eregli,toros,1,1,70,0,5,8000
konya,meram,godene,8,1,450,16,0,100000
konya,meram,uluirmak,3,1,170,10,1,21000
konya,selcuklu,sancak,3,1,150,15,3,20000
konya,beysehir,beytepe,2,1,95,25,3,10000
konya,eregli,toros,1,1,65,1,2,11500
konya,selcuklu,binkonutlar,3,1,110,28,2,11000
konya,selcuklu,feritpasa,3,1,160,29,6,25000
konya,eregli,atakent,1,1,55,3,2,12000
konya,selcuklu,hacikaymak,2,1,155,30,2,15000
konya,selcuklu,ihsaniye,3,1,140,30,5,11000
konya,eregli,piromer,4,1,200,10,3,19750
konya,selcuklu,seyh_samil,4,1,173,16,4,30000
konya,eregli,gulbahce,1,1,55,0,5,13000
konya,selcuklu,hocacihan,1,1,65,9,1,16000
konya,meram,alavardi,3,1,145,25,1,20000
konya,karatay,sultan_mesud,3,1,140,25,3,13000
konya,selcuklu,bosna_hersek,3,1,133,25,3,16500
konya,karatay,fevzicakmak,3,1,150,7,3,21000
konya,eregli,toros,1,1,55,4,2,12000
konya,eregli,toros,1,1,55,5,1,10000
konya,meram,yaylapinar,2,1,125,0,1,14500
konya,eregli,toros,1,1,55,0,5,11500
konya,karatay,haciyusufmescit,3,1,180,4,2,29000
konya,meram,askan,2,1,110,30,5,15000
konya,eregli,haci_mustafa,3,1,155,10,4,13750
konya,eregli,atakent,1,1,55,4,4,7500
konya,eregli,ziya_gokalp,1,1,55,1,3,12000
konya,karatay,akabe,3,1,175,15,5,25500
konya,meram,askan,3,1,180,20,1,20000
konya,eregli,sinasi,3,1,140,35,1,12000
konya,meram,meliksah,3,1,155,20,2,20000
konya,meram,meliksah,3,1,150,25,1,23000
konya,selcuklu,buhara,4,1,190,11,2,28000
konya,eregli,boyaciali,3,1,150,25,2,12000
konya,meram,atesbaz_i_veli,3,1,160,20,2,18000
konya,karatay,yediler,3,1,120,6,1,23000
konya,selcuklu,ihsaniye,3,1,150,25,4,16000
konya,eregli,toros,1,1,55,1,1,7000
konya,eregli,toros,1,1,60,0,3,7550
konya,eregli,toros,1,1,65,1,5,8500
konya,meram,koycegiz,3,1,145,11,2,20000
konya,selcuklu,binkonutlar,3,1,135,20,1,15000
konya,selcuklu,bosna_hersek,2,1,115,20,0,14000
konya,eregli,fatih,1,1,55,4,2,12000
konya,selcuklu,kosova,3,1,165,17,1,19000
konya,selcuklu,yazir,3,1,170,11,7,24500
konya,selcuklu,sancak,2,1,115,0,6,20000
konya,eregli,haci_mustafa,3,1,120,5,0,10500
konya,eregli,comlekci,1,1,45,5,6,10000
konya,eregli,haci_mutahir,3,1,160,30,3,10500
konya,eregli,toros,1,1,57,1,1,7250
konya,kulu,camikebir,3,1,175,12,3,12000
konya,karatay,kumkopru,3,1,130,25,0,12500
konya,eregli,haci_mutahir,3,1,155,25,1,9500
konya,selcuklu,sancak,3,1,125,20,1,14000
konya,selcuklu,feritpasa,3,1,165,20,1,26000
konya,selcuklu,sancak,3,1,165,0,5,25000
konya,selcuklu,bosna_hersek,1,1,45,10,2,11500
konya,meram,meliksah,4,1,220,15,2,28000
konya,eregli,ucgoz,1,1,55,1,1,9500
konya,selcuklu,bosna_hersek,2,1,120,25,1,13000
konya,eregli,mehmet_akif,1,1,65,5,3,12000
konya,kulu,camikebir,2,1,90,12,3,9000
konya,eregli,yunuslu,1,1,65,5,2,12500
konya,meram,askan,3,1,145,30,3,19000
konya,meram,godene,3,1,75,7,5,13500
konya,meram,sahibiata,3,1,155,25,4,10000
konya,selcuklu,feritpasa,3,1,160,25,1,20000
konya,eregli,atakent,3,1,152,4,4,19000
konya,eregli,toros,2,1,115,0,3,12000
konya,eregli,fatih,3,1,150,30,1,15000
konya,selcuklu,hocacihan,3,1,155,10,3,26000
konya,meram,godene,2,1,90,12,5,8750
konya,meram,konevi,4,1,240,20,2,25000
konya,selcuklu,bosna_hersek,2,1,110,21,2,15000
konya,meram,askan,1,1,80,10,1,14000
konya,eregli,toros,2,0,75,1,2,11000
konya,eregli,toros,1,1,58,0,1,10250
konya,eregli,yunuslu,2,1,90,0,1,11000
konya,kulu,yeni,1,1,55,0,3,9000
konya,meram,askan,5,1,250,30,2,30000
konya,eregli,fatih,3,1,140,1,3,13500
konya,karatay,hamzaoglu,3,1,170,7,5,23500
konya,eregli,toros,1,1,60,1,1,12500
konya,eregli,toros,1,1,60,1,3,11000
konya,selcuklu,kosova,4,1,220,7,6,39000
konya,meram,sahibiata,1,1,90,25,0,10000
konya,eregli,namik_kemal,2,0,70,0,5,11000
konya,karatay,karaaslandede,3,1,160,7,2,18000
konya,karatay,akabe,2,1,110,5,5,19000
konya,eregli,talatpasa,1,1,50,2,2,10000
konya,eregli,atakent,1,1,55,5,8,12000
konya,selcuklu,feritpasa,4,1,180,15,3,18500
konya,eregli,atakent,1,1,65,1,3,12000
konya,eregli,hidirli,3,1,150,17,2,15000
konya,eregli,aydinlar,3,1,350,25,2,14000
konya,selcuklu,dumlupinar,3,1,190,9,1,26500
konya,eregli,talatpasa,4,1,200,20,2,20000
konya,meram,konevi,3,1,130,30,4,16500
konya,eregli,bati_elagozlu,1,1,50,0,1,12500
konya,eregli,ziya_gokalp,1,1,55,1,5,10000
konya,eregli,cahi,2,1,120,30,3,9000
konya,eregli,toros,1,1,60,0,3,10000
konya,eregli,hidirli,3,1,160,0,4,15000
konya,eregli,toros,1,1,55,0,1,7000
konya,eregli,namik_kemal,3,1,200,25,1,21000
konya,meram,yenisehir,3,1,180,5,8,50000
konya,eregli,toros,1,1,60,0,1,9000
konya,eregli,orhaniye,2,1,110,1,4,9000
konya,eregli,toros,1,1,55,2,5,7500
konya,selcuklu,fatih,3,1,150,20,3,18000
konya,eregli,barbaros,2,1,110,10,3,8000
konya,eregli,atakent,1,1,55,0,7,12000
konya,eregli,toros,1,1,60,3,3,11500
konya,meram,askan,3,1,170,20,1,25000
konya,meram,godene,2,1,110,15,4,12000
konya,meram,havzan,2,1,60,4,1,26000
konya,meram,godene,3,1,150,5,5,17250
konya,eregli,orhaniye,2,1,110,0,5,10500
konya,eregli,toros,2,1,60,0,2,12500
konya,selcuklu,ihsaniye,3,1,150,30,8,20000
konya,eregli,toros,1,1,60,0,3,6000
konya,eregli,toros,1,1,60,0,3,8500
konya,eregli,toros,1,1,60,3,1,9500
konya,selcuklu,parsana,3,1,135,10,3,28000
konya,eregli,toros,1,1,65,0,3,15000
konya,selcuklu,bosna_hersek,2,1,140,25,3,17000
konya,eregli,toros,1,1,60,1,5,8500
konya,eregli,toros,1,1,75,1,2,12000
konya,selcuklu,seyh_samil,2,1,105,20,2,19500
konya,karatay,karaaslandede,2,1,70,8,5,12000
konya,selcuklu,binkonutlar,2,1,110,35,5,9000
konya,eregli,cinler,2,1,115,0,2,12500
konya,selcuklu,kilincarslan,3,1,150,25,3,21000
konya,eregli,haci_mustafa,2,1,120,20,5,9000
konya,selcuklu,ihsaniye,3,1,150,50,4,15000
konya,eregli,barbaros,3,1,160,7,5,13500
konya,selcuklu,beyhekim,1,1,70,10,2,17000
konya,karatay,gaziosmanpasa,3,1,170,10,1,24000
konya,meram,yaylapinar,3,1,135,15,5,10000
konya,eregli,turbe,2,1,135,30,0,10000
konya,selcuklu,binkonutlar,1,0,30,15,-3,9000
konya,selcuklu,mehmet_akif,3,1,165,30,2,19000
konya,karapinar,haci_omerli,2,1,120,10,1,12000
konya,karatay,akabe,1,1,80,4,1,20000
konya,eregli,cinler,3,1,140,20,2,10000
konya,eregli,barbaros,1,1,60,6,1,13500
konya,meram,koycegiz,1,1,55,6,1,15500
konya,eregli,fatih,1,1,55,2,3,11500
konya,eregli,toros,2,1,80,10,3,7000
konya,selcuklu,nisantas,2,1,90,30,0,14000
konya,eregli,barbaros,3,1,170,7,3,15000
konya,eregli,bati_elagozlu,1,1,60,0,5,12500
konya,karatay,gaziosmanpasa,3,1,160,18,3,18000
konya,meram,godene,1,1,65,11,1,10000
konya,selcuklu,mehmet_akif,3,1,166,33,3,18000
konya,seydisehir,haci_seyit_ali,3,1,130,20,3,10000
konya,eregli,gulbahce,3,1,160,5,5,20000
konya,ilgin,behlulbey,3,1,121,10,5,15000
konya,ilgin,milli_egemenlik,3,1,130,20,1,15000
konya,karatay,akabe,3,1,170,10,1,23000
konya,selcuklu,mehmet_akif,4,1,300,25,2,23000
konya,eregli,toros,1,1,55,0,3,10500
konya,eregli,orhaniye,2,1,99,5,3,10000
konya,aksehir,istasyon,3,1,165,5,1,19500
konya,selcuklu,kosova,1,1,75,10,1,17000
konya,eregli,eti,3,1,155,10,2,13000
